method,score_space,variant,kind,class_id,class_name,observed_keep_frac,iou,delta_iou,acc,base_iou,support,pred_support,intersection
concerto_decoder_origin_maskedmodel_full,retained,clean_voxel,clean,0,wall,1.0,0.8838127099863474,0.0,0.9379741158371938,0.8838127099863474,7645679,7639988,7171449
concerto_decoder_origin_maskedmodel_full,retained,clean_voxel,clean,1,floor,1.0,0.9667277205568847,0.0,0.98430751174888,0.9667277205568847,6968111,6985478,6858764
concerto_decoder_origin_maskedmodel_full,retained,clean_voxel,clean,2,cabinet,1.0,0.7324911390358638,0.0,0.8342691653765827,0.7324911390358638,999289,972525,833676
concerto_decoder_origin_maskedmodel_full,retained,clean_voxel,clean,3,bed,1.0,0.8511884707877829,0.0,0.8918084567387495,0.8511884707877829,657251,617507,586142
concerto_decoder_origin_maskedmodel_full,retained,clean_voxel,clean,4,chair,1.0,0.9188549976105577,0.0,0.9561696198367341,0.9188549976105577,2091312,2084577,1999649
concerto_decoder_origin_maskedmodel_full,retained,clean_voxel,clean,5,sofa,1.0,0.8035487043675339,0.0,0.9382572568384476,0.8035487043675339,580797,642303,544937
concerto_decoder_origin_maskedmodel_full,retained,clean_voxel,clean,6,table,1.0,0.7949416181507678,0.0,0.8521752253038242,0.7949416181507678,1060235,979840,903506
concerto_decoder_origin_maskedmodel_full,retained,clean_voxel,clean,7,door,1.0,0.769825257273139,0.0,0.9072310087562709,0.769825257273139,1086764,1179922,985946
concerto_decoder_origin_maskedmodel_full,retained,clean_voxel,clean,8,window,1.0,0.7447979514931025,0.0,0.8476523831858523,0.7447979514931025,829373,817554,703020
concerto_decoder_origin_maskedmodel_full,retained,clean_voxel,clean,9,bookshelf,1.0,0.8168164653265897,0.0,0.9050939135705722,0.8168164653265897,732482,742128,662965
concerto_decoder_origin_maskedmodel_full,retained,clean_voxel,clean,10,picture,1.0,0.4212749750687799,0.0,0.561980653399025,0.4212749750687799,149587,134027,84065
concerto_decoder_origin_maskedmodel_full,retained,clean_voxel,clean,11,counter,1.0,0.6950677956066075,0.0,0.8166002656042493,0.6950677956066075,158130,156778,129129
concerto_decoder_origin_maskedmodel_full,retained,clean_voxel,clean,12,desk,1.0,0.7152034487123586,0.0,0.8718618058681067,0.7152034487123586,466590,509004,406802
concerto_decoder_origin_maskedmodel_full,retained,clean_voxel,clean,13,curtain,1.0,0.8612228731521966,0.0,0.9205468770555126,0.8612228731521966,418083,413664,384865
concerto_decoder_origin_maskedmodel_full,retained,clean_voxel,clean,14,refridgerator,1.0,0.7748342849265335,0.0,0.9002055416155031,0.7748342849265335,149848,159140,134894
concerto_decoder_origin_maskedmodel_full,retained,clean_voxel,clean,15,shower curtain,1.0,0.7751131382959762,0.0,0.8617127690128841,0.7751131382959762,100971,98289,87008
concerto_decoder_origin_maskedmodel_full,retained,clean_voxel,clean,16,toilet,1.0,0.9529273501573289,0.0,0.9798718765024611,0.9529273501573289,76957,77584,75408
concerto_decoder_origin_maskedmodel_full,retained,clean_voxel,clean,17,sink,1.0,0.7055219289541567,0.0,0.8457032411537305,0.7055219289541567,67260,70246,56882
concerto_decoder_origin_maskedmodel_full,retained,clean_voxel,clean,18,bathtub,1.0,0.8512993028131236,0.0,0.967649870460936,0.8512993028131236,72179,79709,69844
concerto_decoder_origin_maskedmodel_full,retained,clean_voxel,clean,19,otherfurniture,1.0,0.7017938654664898,0.0,0.8060644874377031,0.7017938654664898,1088336,1038971,877269
concerto_decoder_origin_maskedmodel_full,retained,random_keep0p2,random_drop,0,wall,0.1999224521792852,0.8761426777905004,-0.007670032195847054,0.9442195955335393,0.8838127099863474,1529175,1562695,1443877
concerto_decoder_origin_maskedmodel_full,retained,random_keep0p2,random_drop,1,floor,0.1999224521792852,0.9576410372607908,-0.009086683296093967,0.9885624947981988,0.9667277205568847,1393748,1422810,1377807
concerto_decoder_origin_maskedmodel_full,retained,random_keep0p2,random_drop,2,cabinet,0.1999224521792852,0.7191428072625695,-0.013348331773294309,0.8242002851211762,0.7324911390358638,199915,193975,164770
concerto_decoder_origin_maskedmodel_full,retained,random_keep0p2,random_drop,3,bed,0.1999224521792852,0.8451272546844896,-0.006061216103293354,0.8837672445366859,0.8511884707877829,131056,121815,115823
concerto_decoder_origin_maskedmodel_full,retained,random_keep0p2,random_drop,4,chair,0.1999224521792852,0.9022281556394258,-0.016626841971131845,0.9453703614988835,0.9188549976105577,417484,414640,394677
concerto_decoder_origin_maskedmodel_full,retained,random_keep0p2,random_drop,5,sofa,0.1999224521792852,0.8265297900114416,0.02298108564390766,0.8813410778113823,0.8035487043675339,116384,110292,102574
concerto_decoder_origin_maskedmodel_full,retained,random_keep0p2,random_drop,6,table,0.1999224521792852,0.7650366912771255,-0.029904926873642323,0.805791921942364,0.7949416181507678,211536,181723,170454
concerto_decoder_origin_maskedmodel_full,retained,random_keep0p2,random_drop,7,door,0.1999224521792852,0.7503051107503591,-0.01952014652277989,0.8881225034510272,0.769825257273139,218051,233708,193656
concerto_decoder_origin_maskedmodel_full,retained,random_keep0p2,random_drop,8,window,0.1999224521792852,0.7312297424087338,-0.013568209084368621,0.8250745873634566,0.7447979514931025,166248,158503,137167
concerto_decoder_origin_maskedmodel_full,retained,random_keep0p2,random_drop,9,bookshelf,0.1999224521792852,0.8023988663785177,-0.014417598948072041,0.9212039942550246,0.8168164653265897,146911,157087,135335
concerto_decoder_origin_maskedmodel_full,retained,random_keep0p2,random_drop,10,picture,0.1999224521792852,0.3172500511740787,-0.10402492389470125,0.3628064073838733,0.4212749750687799,29903,15143,10849
concerto_decoder_origin_maskedmodel_full,retained,random_keep0p2,random_drop,11,counter,0.1999224521792852,0.5878166395537979,-0.10725115605280955,0.6411800120409372,0.6950677956066075,31559,23100,20235
concerto_decoder_origin_maskedmodel_full,retained,random_keep0p2,random_drop,12,desk,0.1999224521792852,0.6794848494861706,-0.03571859922618803,0.8797865057972865,0.7152034487123586,93492,109813,82253
concerto_decoder_origin_maskedmodel_full,retained,random_keep0p2,random_drop,13,curtain,0.1999224521792852,0.8555759891640686,-0.00564688398812796,0.9294652470391184,0.8612228731521966,83590,84913,77694
concerto_decoder_origin_maskedmodel_full,retained,random_keep0p2,random_drop,14,refridgerator,0.1999224521792852,0.7493323789334561,-0.025501905993077445,0.9118868935942077,0.7748342849265335,29848,33693,27218
concerto_decoder_origin_maskedmodel_full,retained,random_keep0p2,random_drop,15,shower curtain,0.1999224521792852,0.7546029647814146,-0.020510173514561525,0.79645223977278,0.7751131382959762,20069,17097,15984
concerto_decoder_origin_maskedmodel_full,retained,random_keep0p2,random_drop,16,toilet,0.1999224521792852,0.9261938292152034,-0.026733520942125444,0.9413180664888365,0.9529273501573289,15371,14720,14469
concerto_decoder_origin_maskedmodel_full,retained,random_keep0p2,random_drop,17,sink,0.1999224521792852,0.6796650091599014,-0.025856919794255306,0.7757449032932509,0.7055219289541567,13391,12281,10388
concerto_decoder_origin_maskedmodel_full,retained,random_keep0p2,random_drop,18,bathtub,0.1999224521792852,0.8601466049382661,0.008847302125142509,0.924783961285856,0.8512993028131236,14465,14464,13377
concerto_decoder_origin_maskedmodel_full,retained,random_keep0p2,random_drop,19,otherfurniture,0.1999224521792852,0.6866870603127203,-0.015106805153769498,0.7763787401321973,0.7017938654664898,218007,197731,169256
concerto_decoder_origin_maskedmodel_full,retained,fixed_points_4000,fixed_count_drop,0,wall,0.048796060629403934,0.7527360236739389,-0.13107668631240854,0.8938555007657479,0.8838127099863474,297095,321258,265560
concerto_decoder_origin_maskedmodel_full,retained,fixed_points_4000,fixed_count_drop,1,floor,0.048796060629403934,0.8387092589169007,-0.12801846163998398,0.9915678958851789,0.9667277205568847,260789,306120,258590
concerto_decoder_origin_maskedmodel_full,retained,fixed_points_4000,fixed_count_drop,2,cabinet,0.048796060629403934,0.4484839852582469,-0.2840071537776169,0.6207644348061789,0.7324911390358638,40579,40778,25190
concerto_decoder_origin_maskedmodel_full,retained,fixed_points_4000,fixed_count_drop,3,bed,0.048796060629403934,0.5070513649890003,-0.34413710579878265,0.5277640615881828,0.8511884707877829,22277,12667,11757
concerto_decoder_origin_maskedmodel_full,retained,fixed_points_4000,fixed_count_drop,4,chair,0.048796060629403934,0.6377060324748407,-0.28114896513571697,0.7697854308199357,0.9188549976105577,74335,72618,57222
concerto_decoder_origin_maskedmodel_full,retained,fixed_points_4000,fixed_count_drop,5,sofa,0.048796060629403934,0.5990801681072057,-0.20446853626032824,0.6952240728811968,0.8035487043675339,21734,18598,15110
concerto_decoder_origin_maskedmodel_full,retained,fixed_points_4000,fixed_count_drop,6,table,0.048796060629403934,0.5683321981122882,-0.22660942003847961,0.6085699400885631,0.7949416181507678,38390,26081,23363
concerto_decoder_origin_maskedmodel_full,retained,fixed_points_4000,fixed_count_drop,7,door,0.048796060629403934,0.47232146610062525,-0.29750379117251374,0.5427977973142678,0.769825257273139,41404,28652,22474
concerto_decoder_origin_maskedmodel_full,retained,fixed_points_4000,fixed_count_drop,8,window,0.048796060629403934,0.4041389852431054,-0.3406589662499971,0.480514487434901,0.7447979514931025,28611,19155,13748
concerto_decoder_origin_maskedmodel_full,retained,fixed_points_4000,fixed_count_drop,9,bookshelf,0.048796060629403934,0.45650620701973543,-0.36031025830685426,0.477509458638888,0.8168164653265897,21409,11208,10223
concerto_decoder_origin_maskedmodel_full,retained,fixed_points_4000,fixed_count_drop,10,picture,0.048796060629403934,0.07453142227122217,-0.34674355279755775,0.07553072625698155,0.4212749750687799,4475,398,338
concerto_decoder_origin_maskedmodel_full,retained,fixed_points_4000,fixed_count_drop,11,counter,0.048796060629403934,0.3798001052077804,-0.31526769039882707,0.4001662740750949,0.6950677956066075,7217,3275,2888
concerto_decoder_origin_maskedmodel_full,retained,fixed_points_4000,fixed_count_drop,12,desk,0.048796060629403934,0.3592978240555321,-0.3559056246568265,0.6903937411825016,0.7152034487123586,15594,25136,10766
concerto_decoder_origin_maskedmodel_full,retained,fixed_points_4000,fixed_count_drop,13,curtain,0.048796060629403934,0.4097432925374138,-0.45147958061478277,0.8206896551724082,0.8612228731521966,14645,26707,12019
concerto_decoder_origin_maskedmodel_full,retained,fixed_points_4000,fixed_count_drop,14,refridgerator,0.048796060629403934,0.420313986679348,-0.3545202982471855,0.6263736263736153,0.7748342849265335,5642,6300,3534
concerto_decoder_origin_maskedmodel_full,retained,fixed_points_4000,fixed_count_drop,15,shower curtain,0.048796060629403934,0.575338253382525,-0.1997748849134512,0.6345599457351088,0.7751131382959762,5897,4349,3742
concerto_decoder_origin_maskedmodel_full,retained,fixed_points_4000,fixed_count_drop,16,toilet,0.048796060629403934,0.777303450729264,-0.1756238994280649,0.7984651927644656,0.9529273501573289,5473,4519,4370
concerto_decoder_origin_maskedmodel_full,retained,fixed_points_4000,fixed_count_drop,17,sink,0.048796060629403934,0.5227215666582846,-0.18280036229587204,0.5683865683865529,0.7055219289541567,3663,2402,2082
concerto_decoder_origin_maskedmodel_full,retained,fixed_points_4000,fixed_count_drop,18,bathtub,0.048796060629403934,0.78437768240342,-0.06692162040970362,0.8045430533544496,0.8512993028131236,5679,4715,4569
concerto_decoder_origin_maskedmodel_full,retained,fixed_points_4000,fixed_count_drop,19,otherfurniture,0.048796060629403934,0.30693218298555297,-0.39486168248093684,0.33929413069394676,0.7017938654664898,36069,16041,12238
concerto_decoder_origin_maskedmodel_full,retained,classwise_keep0p2,classwise_random_drop,0,wall,0.20010908067417452,0.8765630641975234,-0.007249645788824033,0.9438951550716872,0.8838127099863474,1530260,1561950,1444405
concerto_decoder_origin_maskedmodel_full,retained,classwise_keep0p2,classwise_random_drop,1,floor,0.20010908067417452,0.9573651898676978,-0.00936253068918691,0.9883716840962218,0.9667277205568847,1393323,1422247,1377121
concerto_decoder_origin_maskedmodel_full,retained,classwise_keep0p2,classwise_random_drop,2,cabinet,0.20010908067417452,0.7161296482761013,-0.016361490759762565,0.8243299278095567,0.7324911390358638,200165,195245,165002
concerto_decoder_origin_maskedmodel_full,retained,classwise_keep0p2,classwise_random_drop,3,bed,0.20010908067417452,0.8455571534405364,-0.005631317347246534,0.8839702655297301,0.8511884707877829,131699,122401,116418
concerto_decoder_origin_maskedmodel_full,retained,classwise_keep0p2,classwise_random_drop,4,chair,0.20010908067417452,0.9010600384847481,-0.01779495912580953,0.9456558626853969,0.9188549976105577,418426,416396,395687
concerto_decoder_origin_maskedmodel_full,retained,classwise_keep0p2,classwise_random_drop,5,sofa,0.20010908067417452,0.8249939393939387,0.02144523502640483,0.8760866020783805,0.8035487043675339,116533,109310,102093
concerto_decoder_origin_maskedmodel_full,retained,classwise_keep0p2,classwise_random_drop,6,table,0.20010908067417452,0.7664009315657467,-0.02854068658502107,0.8057957092539222,0.7949416181507678,212364,182038,171122
concerto_decoder_origin_maskedmodel_full,retained,classwise_keep0p2,classwise_random_drop,7,door,0.20010908067417452,0.7481244093201977,-0.02170084795294125,0.8852750995236667,0.769825257273139,217285,232191,192357
concerto_decoder_origin_maskedmodel_full,retained,classwise_keep0p2,classwise_random_drop,8,window,0.20010908067417452,0.7362211413886113,-0.008576810104491184,0.833858551840269,0.7447979514931025,166280,160706,138654
concerto_decoder_origin_maskedmodel_full,retained,classwise_keep0p2,classwise_random_drop,9,bookshelf,0.20010908067417452,0.8037121396839741,-0.013104325642615544,0.9216296023513841,0.8168164653265897,146637,156659,135145
concerto_decoder_origin_maskedmodel_full,retained,classwise_keep0p2,classwise_random_drop,10,picture,0.20010908067417452,0.3170439957988087,-0.10423097926997121,0.3653018690332111,0.4212749750687799,29748,15395,10867
concerto_decoder_origin_maskedmodel_full,retained,classwise_keep0p2,classwise_random_drop,11,counter,0.20010908067417452,0.582946183811858,-0.11212161179474944,0.637689393939392,0.6950677956066075,31680,23177,20202
concerto_decoder_origin_maskedmodel_full,retained,classwise_keep0p2,classwise_random_drop,12,desk,0.20010908067417452,0.681139733289157,-0.034063715423201635,0.8840844585877689,0.7152034487123586,93016,109948,82234
concerto_decoder_origin_maskedmodel_full,retained,classwise_keep0p2,classwise_random_drop,13,curtain,0.20010908067417452,0.8473833206657625,-0.013839552486434092,0.92236490294114,0.8612228731521966,83403,84308,76928
concerto_decoder_origin_maskedmodel_full,retained,classwise_keep0p2,classwise_random_drop,14,refridgerator,0.20010908067417452,0.7354315154427251,-0.039402769483808386,0.9136432977382739,0.7748342849265335,30154,34857,27550
concerto_decoder_origin_maskedmodel_full,retained,classwise_keep0p2,classwise_random_drop,15,shower curtain,0.20010908067417452,0.7468057121382904,-0.028307426157685778,0.7865624381555474,0.7751131382959762,20212,16974,15898
concerto_decoder_origin_maskedmodel_full,retained,classwise_keep0p2,classwise_random_drop,16,toilet,0.20010908067417452,0.9267299000572861,-0.02619745010004282,0.9407431340872314,0.9529273501573289,15475,14792,14558
concerto_decoder_origin_maskedmodel_full,retained,classwise_keep0p2,classwise_random_drop,17,sink,0.20010908067417452,0.6791297550807668,-0.02639217387338988,0.7755132401071052,0.7055219289541567,13444,12334,10426
concerto_decoder_origin_maskedmodel_full,retained,classwise_keep0p2,classwise_random_drop,18,bathtub,0.20010908067417452,0.8582800469789843,0.006980744165860697,0.9208905068608169,0.8512993028131236,14284,14196,13154
concerto_decoder_origin_maskedmodel_full,retained,classwise_keep0p2,classwise_random_drop,19,otherfurniture,0.20010908067417452,0.6890684294283264,-0.012725436038163451,0.776992518565552,0.7017938654664898,217338,196602,168870
concerto_decoder_origin_maskedmodel_full,retained,structured_b64_keep0p2,structured_drop,0,wall,0.20678650113777855,0.8673726797852,-0.01644003020114737,0.9450016601227307,0.8838127099863474,1605303,1660687,1517014
concerto_decoder_origin_maskedmodel_full,retained,structured_b64_keep0p2,structured_drop,1,floor,0.20678650113777855,0.9657579700982206,-0.0009697504586640981,0.9835635717350174,0.9667277205568847,1438147,1441024,1414509
concerto_decoder_origin_maskedmodel_full,retained,structured_b64_keep0p2,structured_drop,2,cabinet,0.20678650113777855,0.6439417428367086,-0.08854939619915525,0.7808278233669359,0.7324911390358638,199487,198171,155765
concerto_decoder_origin_maskedmodel_full,retained,structured_b64_keep0p2,structured_drop,3,bed,0.20678650113777855,0.8452459533922622,-0.005942517395520763,0.8883049313828979,0.8511884707877829,132620,124563,117807
concerto_decoder_origin_maskedmodel_full,retained,structured_b64_keep0p2,structured_drop,4,chair,0.20678650113777855,0.8933467386155716,-0.0255082589949861,0.936565547392661,0.9188549976105577,410802,404617,384743
concerto_decoder_origin_maskedmodel_full,retained,structured_b64_keep0p2,structured_drop,5,sofa,0.20678650113777855,0.7656762025911531,-0.037872501776380796,0.9143310024849532,0.8035487043675339,121129,134269,110752
concerto_decoder_origin_maskedmodel_full,retained,structured_b64_keep0p2,structured_drop,6,table,0.20678650113777855,0.8244568906992529,0.029515272548485072,0.8755925665567148,0.7949416181507678,221916,208072,194308
concerto_decoder_origin_maskedmodel_full,retained,structured_b64_keep0p2,structured_drop,7,door,0.20678650113777855,0.7269884550456772,-0.04283680222746178,0.862806968791039,0.769825257273139,223109,234182,192500
concerto_decoder_origin_maskedmodel_full,retained,structured_b64_keep0p2,structured_drop,8,window,0.20678650113777855,0.6766603469930608,-0.06813760450004169,0.7412452786758317,0.7447979514931025,191154,159937,141692
concerto_decoder_origin_maskedmodel_full,retained,structured_b64_keep0p2,structured_drop,9,bookshelf,0.20678650113777855,0.7357071514728112,-0.08110931385377851,0.8519216062998093,0.8168164653265897,158227,159791,134797
concerto_decoder_origin_maskedmodel_full,retained,structured_b64_keep0p2,structured_drop,10,picture,0.20678650113777855,0.4205570812083159,-0.0007178938604640028,0.48629185449802814,0.4212749750687799,35271,22665,17152
concerto_decoder_origin_maskedmodel_full,retained,structured_b64_keep0p2,structured_drop,11,counter,0.20678650113777855,0.60033512451609,-0.09473267109051753,0.7550597725373325,0.6950677956066075,27521,27873,20780
concerto_decoder_origin_maskedmodel_full,retained,structured_b64_keep0p2,structured_drop,12,desk,0.20678650113777855,0.7087311398087016,-0.00647230890365702,0.8402190972113946,0.7152034487123586,96213,98690,80840
concerto_decoder_origin_maskedmodel_full,retained,structured_b64_keep0p2,structured_drop,13,curtain,0.20678650113777855,0.7488711318403686,-0.11235174131182801,0.7949831923595005,0.8612228731521966,82403,70583,65509
concerto_decoder_origin_maskedmodel_full,retained,structured_b64_keep0p2,structured_drop,14,refridgerator,0.20678650113777855,0.733524027459952,-0.04131025746658146,0.8476234547497824,0.7748342849265335,30254,30350,25644
concerto_decoder_origin_maskedmodel_full,retained,structured_b64_keep0p2,structured_drop,15,shower curtain,0.20678650113777855,0.6669396800925017,-0.10817345820347446,0.8107649057045776,0.7751131382959762,34148,35050,27686
concerto_decoder_origin_maskedmodel_full,retained,structured_b64_keep0p2,structured_drop,16,toilet,0.20678650113777855,0.9395449620801684,-0.013382388077160523,0.9761918162886196,0.9529273501573289,17767,18037,17344
concerto_decoder_origin_maskedmodel_full,retained,structured_b64_keep0p2,structured_drop,17,sink,0.20678650113777855,0.6884169714059097,-0.017104957548246924,0.7929861956963014,0.7055219289541567,19704,18618,15625
concerto_decoder_origin_maskedmodel_full,retained,structured_b64_keep0p2,structured_drop,18,bathtub,0.20678650113777855,0.8092775085751577,-0.042021794237965926,0.951661437992183,0.8512993028131236,15619,17612,14864
concerto_decoder_origin_maskedmodel_full,retained,structured_b64_keep0p2,structured_drop,19,otherfurniture,0.20678650113777855,0.7487042458298129,0.04691038036332307,0.8486735439271649,0.7017938654664898,224508,220511,190534
concerto_decoder_origin_maskedmodel_full,retained,masked_model_keep0p2,masked_model_drop_raw,0,wall,0.20297733944294977,0.8900957016180364,0.0062829916316889944,0.949036577585454,0.8838127099863474,1500017,1522900,1423571
concerto_decoder_origin_maskedmodel_full,retained,masked_model_keep0p2,masked_model_drop_raw,1,floor,0.20297733944294977,0.978965282298969,0.012237561742084235,0.9908706728718056,0.9667277205568847,1631336,1636282,1616443
concerto_decoder_origin_maskedmodel_full,retained,masked_model_keep0p2,masked_model_drop_raw,2,cabinet,0.20297733944294977,0.7932391039284907,0.060747964892626904,0.8764892548327431,0.7324911390358638,213026,209072,186715
concerto_decoder_origin_maskedmodel_full,retained,masked_model_keep0p2,masked_model_drop_raw,3,bed,0.20297733944294977,0.7995803482717142,-0.05160812251606872,0.858376899056173,0.8511884707877829,142505,132802,122323
concerto_decoder_origin_maskedmodel_full,retained,masked_model_keep0p2,masked_model_drop_raw,4,chair,0.20297733944294977,0.9313837551539178,0.012528757543360136,0.9575202019301091,0.9188549976105577,448472,442006,429421
concerto_decoder_origin_maskedmodel_full,retained,masked_model_keep0p2,masked_model_drop_raw,5,sofa,0.20297733944294977,0.7772908999443984,-0.026257804423135522,0.9341192567137577,0.8035487043675339,125712,142794,117430
concerto_decoder_origin_maskedmodel_full,retained,masked_model_keep0p2,masked_model_drop_raw,6,table,0.20297733944294977,0.7533137410196309,-0.041627877131136914,0.8664792301538486,0.7949416181507678,216251,219863,187377
concerto_decoder_origin_maskedmodel_full,retained,masked_model_keep0p2,masked_model_drop_raw,7,door,0.20297733944294977,0.705242063535518,-0.064583193737621,0.8365815533434074,0.769825257273139,230947,236216,193206
concerto_decoder_origin_maskedmodel_full,retained,masked_model_keep0p2,masked_model_drop_raw,8,window,0.20297733944294977,0.6929067219088878,-0.05189122958421466,0.8307147129865896,0.7447979514931025,132067,135976,109710
concerto_decoder_origin_maskedmodel_full,retained,masked_model_keep0p2,masked_model_drop_raw,9,bookshelf,0.20297733944294977,0.8557898987793595,0.03897343345276982,0.9348344772954739,0.8168164653265897,210817,216551,197079
concerto_decoder_origin_maskedmodel_full,retained,masked_model_keep0p2,masked_model_drop_raw,10,picture,0.20297733944294977,0.4654173967273469,0.044142421658566966,0.508699039210593,0.4212749750687799,30808,18537,15672
concerto_decoder_origin_maskedmodel_full,retained,masked_model_keep0p2,masked_model_drop_raw,11,counter,0.20297733944294977,0.5201497025997426,-0.1749180930068649,0.6905944986690267,0.6950677956066075,11270,11476,7783
concerto_decoder_origin_maskedmodel_full,retained,masked_model_keep0p2,masked_model_drop_raw,12,desk,0.20297733944294977,0.6660990338164243,-0.04910441489593431,0.7211333533818848,0.7152034487123586,76481,61472,55153
concerto_decoder_origin_maskedmodel_full,retained,masked_model_keep0p2,masked_model_drop_raw,13,curtain,0.20297733944294977,0.9110130251241766,0.04979015197198,0.9490208852750655,0.8612228731521966,79817,79078,75748
concerto_decoder_origin_maskedmodel_full,retained,masked_model_keep0p2,masked_model_drop_raw,14,refridgerator,0.20297733944294977,0.9090628680388062,0.1342285831122727,0.9656559037292953,0.7748342849265335,33572,34509,32419
concerto_decoder_origin_maskedmodel_full,retained,masked_model_keep0p2,masked_model_drop_raw,15,shower curtain,0.20297733944294977,0.9316945499332807,0.15658141163730455,0.9633855133987745,0.7751131382959762,18845,18796,18155
concerto_decoder_origin_maskedmodel_full,retained,masked_model_keep0p2,masked_model_drop_raw,16,toilet,0.20297733944294977,0.9301200656474004,-0.022807284509928527,0.9609995537706338,0.9529273501573289,22410,22280,21536
concerto_decoder_origin_maskedmodel_full,retained,masked_model_keep0p2,masked_model_drop_raw,17,sink,0.20297733944294977,0.6802271098616357,-0.02529481909252096,0.7785980188024432,0.7055219289541567,15849,14632,12340
concerto_decoder_origin_maskedmodel_full,retained,masked_model_keep0p2,masked_model_drop_raw,18,bathtub,0.20297733944294977,0.9047006282643218,0.053401325451198245,0.937338247980547,0.8512993028131236,25502,24824,23904
concerto_decoder_origin_maskedmodel_full,retained,masked_model_keep0p2,masked_model_drop_raw,19,otherfurniture,0.20297733944294977,0.6348499314874219,-0.06694393397906795,0.7503139784133935,0.7017938654664898,211798,197436,158915
concerto_decoder_origin_maskedmodel_full,retained,feature_zero1p0,feature_zero,0,wall,1.0,0.5135119993405929,-0.37030071064575454,0.959063413465305,0.8838127099863474,7645679,13966505,7332691
concerto_decoder_origin_maskedmodel_full,retained,feature_zero1p0,feature_zero,1,floor,1.0,0.6487960684836579,-0.3179316520732268,0.73227220404497,0.9667277205568847,6968111,5999093,5102554
concerto_decoder_origin_maskedmodel_full,retained,feature_zero1p0,feature_zero,2,cabinet,1.0,0.005204275966351169,-0.7272868630695126,0.005441869168979143,0.7324911390358638,999289,51059,5438
concerto_decoder_origin_maskedmodel_full,retained,feature_zero1p0,feature_zero,3,bed,1.0,0.05161363869855339,-0.7995748320892295,0.34167768478100446,0.8511884707877829,657251,3918260,224568
concerto_decoder_origin_maskedmodel_full,retained,feature_zero1p0,feature_zero,4,chair,1.0,0.03907077483603642,-0.8797842227745213,0.039298775122985,0.9188549976105577,2091312,94390,82186
concerto_decoder_origin_maskedmodel_full,retained,feature_zero1p0,feature_zero,5,sofa,1.0,0.0054804573141480585,-0.7980682470533859,0.007277930154597905,0.8035487043675339,580797,194716,4227
concerto_decoder_origin_maskedmodel_full,retained,feature_zero1p0,feature_zero,6,table,1.0,0.04959568177511518,-0.7453459363756526,0.05899918414313808,0.7949416181507678,1060235,263577,62553
concerto_decoder_origin_maskedmodel_full,retained,feature_zero1p0,feature_zero,7,door,1.0,0.0,-0.769825257273139,0.0,0.769825257273139,1086764,211,0
concerto_decoder_origin_maskedmodel_full,retained,feature_zero1p0,feature_zero,8,window,1.0,5.184595722105669e-05,-0.7447461055358814,5.1846394806679257e-05,0.7447979514931025,829373,50,43
concerto_decoder_origin_maskedmodel_full,retained,feature_zero1p0,feature_zero,9,bookshelf,1.0,0.0,-0.8168164653265897,0.0,0.8168164653265897,732482,6,0
concerto_decoder_origin_maskedmodel_full,retained,feature_zero1p0,feature_zero,10,picture,1.0,0.0,-0.4212749750687799,0.0,0.4212749750687799,149587,0,0
concerto_decoder_origin_maskedmodel_full,retained,feature_zero1p0,feature_zero,11,counter,1.0,0.0,-0.6950677956066075,0.0,0.6950677956066075,158130,0,0
concerto_decoder_origin_maskedmodel_full,retained,feature_zero1p0,feature_zero,12,desk,1.0,0.005441728572569693,-0.709761720139789,0.0070082942197646735,0.7152034487123586,466590,137592,3270
concerto_decoder_origin_maskedmodel_full,retained,feature_zero1p0,feature_zero,13,curtain,1.0,0.0005449500896798299,-0.8606779230625168,0.0005501299981104229,0.8612228731521966,418083,4204,230
concerto_decoder_origin_maskedmodel_full,retained,feature_zero1p0,feature_zero,14,refridgerator,1.0,0.0029148369033693195,-0.7719194480231641,0.00304308365810688,0.7748342849265335,149848,7049,456
concerto_decoder_origin_maskedmodel_full,retained,feature_zero1p0,feature_zero,15,shower curtain,1.0,0.0,-0.7751131382959762,0.0,0.7751131382959762,100971,25,0
concerto_decoder_origin_maskedmodel_full,retained,feature_zero1p0,feature_zero,16,toilet,1.0,0.0,-0.9529273501573289,0.0,0.9529273501573289,76957,0,0
concerto_decoder_origin_maskedmodel_full,retained,feature_zero1p0,feature_zero,17,sink,1.0,0.0,-0.7055219289541567,0.0,0.7055219289541567,67260,0,0
concerto_decoder_origin_maskedmodel_full,retained,feature_zero1p0,feature_zero,18,bathtub,1.0,0.0,-0.8512993028131236,0.0,0.8512993028131236,72179,0,0
concerto_decoder_origin_maskedmodel_full,retained,feature_zero1p0,feature_zero,19,otherfurniture,1.0,0.0415041104015189,-0.6602897550649709,0.06776951235647814,0.7017938654664898,1088336,762497,73756
concerto_decoder_origin_maskedmodel_full,full_nn,clean_voxel,clean,0,wall,1.0,0.8838127099863474,0.0,0.9379741158371938,0.8838127099863474,7645679,7639988,7171449
concerto_decoder_origin_maskedmodel_full,full_nn,clean_voxel,clean,1,floor,1.0,0.9667277205568847,0.0,0.98430751174888,0.9667277205568847,6968111,6985478,6858764
concerto_decoder_origin_maskedmodel_full,full_nn,clean_voxel,clean,2,cabinet,1.0,0.7324911390358638,0.0,0.8342691653765827,0.7324911390358638,999289,972525,833676
concerto_decoder_origin_maskedmodel_full,full_nn,clean_voxel,clean,3,bed,1.0,0.8511884707877829,0.0,0.8918084567387495,0.8511884707877829,657251,617507,586142
concerto_decoder_origin_maskedmodel_full,full_nn,clean_voxel,clean,4,chair,1.0,0.9188549976105577,0.0,0.9561696198367341,0.9188549976105577,2091312,2084577,1999649
concerto_decoder_origin_maskedmodel_full,full_nn,clean_voxel,clean,5,sofa,1.0,0.8035487043675339,0.0,0.9382572568384476,0.8035487043675339,580797,642303,544937
concerto_decoder_origin_maskedmodel_full,full_nn,clean_voxel,clean,6,table,1.0,0.7949416181507678,0.0,0.8521752253038242,0.7949416181507678,1060235,979840,903506
concerto_decoder_origin_maskedmodel_full,full_nn,clean_voxel,clean,7,door,1.0,0.769825257273139,0.0,0.9072310087562709,0.769825257273139,1086764,1179922,985946
concerto_decoder_origin_maskedmodel_full,full_nn,clean_voxel,clean,8,window,1.0,0.7447979514931025,0.0,0.8476523831858523,0.7447979514931025,829373,817554,703020
concerto_decoder_origin_maskedmodel_full,full_nn,clean_voxel,clean,9,bookshelf,1.0,0.8168164653265897,0.0,0.9050939135705722,0.8168164653265897,732482,742128,662965
concerto_decoder_origin_maskedmodel_full,full_nn,clean_voxel,clean,10,picture,1.0,0.4212749750687799,0.0,0.561980653399025,0.4212749750687799,149587,134027,84065
concerto_decoder_origin_maskedmodel_full,full_nn,clean_voxel,clean,11,counter,1.0,0.6950677956066075,0.0,0.8166002656042493,0.6950677956066075,158130,156778,129129
concerto_decoder_origin_maskedmodel_full,full_nn,clean_voxel,clean,12,desk,1.0,0.7152034487123586,0.0,0.8718618058681067,0.7152034487123586,466590,509004,406802
concerto_decoder_origin_maskedmodel_full,full_nn,clean_voxel,clean,13,curtain,1.0,0.8612228731521966,0.0,0.9205468770555126,0.8612228731521966,418083,413664,384865
concerto_decoder_origin_maskedmodel_full,full_nn,clean_voxel,clean,14,refridgerator,1.0,0.7748342849265335,0.0,0.9002055416155031,0.7748342849265335,149848,159140,134894
concerto_decoder_origin_maskedmodel_full,full_nn,clean_voxel,clean,15,shower curtain,1.0,0.7751131382959762,0.0,0.8617127690128841,0.7751131382959762,100971,98289,87008
concerto_decoder_origin_maskedmodel_full,full_nn,clean_voxel,clean,16,toilet,1.0,0.9529273501573289,0.0,0.9798718765024611,0.9529273501573289,76957,77584,75408
concerto_decoder_origin_maskedmodel_full,full_nn,clean_voxel,clean,17,sink,1.0,0.7055219289541567,0.0,0.8457032411537305,0.7055219289541567,67260,70246,56882
concerto_decoder_origin_maskedmodel_full,full_nn,clean_voxel,clean,18,bathtub,1.0,0.8512993028131236,0.0,0.967649870460936,0.8512993028131236,72179,79709,69844
concerto_decoder_origin_maskedmodel_full,full_nn,clean_voxel,clean,19,otherfurniture,1.0,0.7017938654664898,0.0,0.8060644874377031,0.7017938654664898,1088336,1038971,877269
concerto_decoder_origin_maskedmodel_full,full_nn,random_keep0p2,random_drop,0,wall,0.1999224521792852,0.8667439383792075,-0.017068771607139932,0.9396167429995426,0.8838127099863474,7645679,7826830,7184008
concerto_decoder_origin_maskedmodel_full,full_nn,random_keep0p2,random_drop,1,floor,0.1999224521792852,0.9458119593420826,-0.020915761214802098,0.9826254202896596,0.9667277205568847,6968111,7118260,6847043
concerto_decoder_origin_maskedmodel_full,full_nn,random_keep0p2,random_drop,2,cabinet,0.1999224521792852,0.7086241267529946,-0.02386701228286925,0.8181497044398567,0.7324911390358638,999289,972019,817568
concerto_decoder_origin_maskedmodel_full,full_nn,random_keep0p2,random_drop,3,bed,0.1999224521792852,0.8353181793145033,-0.015870291473279674,0.8768050562114016,0.8511884707877829,657251,608924,576281
concerto_decoder_origin_maskedmodel_full,full_nn,random_keep0p2,random_drop,4,chair,0.1999224521792852,0.8965968574461397,-0.02225814016441796,0.9410633133650073,0.9188549976105577,2091312,2071775,1968057
concerto_decoder_origin_maskedmodel_full,full_nn,random_keep0p2,random_drop,5,sofa,0.1999224521792852,0.816796073811824,0.013247369444290058,0.8762855180037086,0.8035487043675339,580797,551245,508944
concerto_decoder_origin_maskedmodel_full,full_nn,random_keep0p2,random_drop,6,table,0.1999224521792852,0.7605329572711902,-0.03440866087957761,0.8026607308757021,0.7949416181507678,1060235,909738,851009
concerto_decoder_origin_maskedmodel_full,full_nn,random_keep0p2,random_drop,7,door,0.1999224521792852,0.7400134266747919,-0.029811830598347133,0.8793969987964269,0.769825257273139,1086764,1160392,955697
concerto_decoder_origin_maskedmodel_full,full_nn,random_keep0p2,random_drop,8,window,0.1999224521792852,0.7247800876881045,-0.020017863804997926,0.8207899220254335,0.7447979514931025,829373,790606,680741
concerto_decoder_origin_maskedmodel_full,full_nn,random_keep0p2,random_drop,9,bookshelf,0.1999224521792852,0.7956298947063976,-0.021186570620192136,0.9163720064110789,0.8168164653265897,732482,782385,671226
concerto_decoder_origin_maskedmodel_full,full_nn,random_keep0p2,random_drop,10,picture,0.1999224521792852,0.3036866197595325,-0.11758835530924744,0.3468215820893525,0.4212749750687799,149587,73127,51880
concerto_decoder_origin_maskedmodel_full,full_nn,random_keep0p2,random_drop,11,counter,0.1999224521792852,0.5673581834599609,-0.12770961214664656,0.6238284955416427,0.6950677956066075,158130,114385,98646
concerto_decoder_origin_maskedmodel_full,full_nn,random_keep0p2,random_drop,12,desk,0.1999224521792852,0.6684066273241314,-0.04679682138822727,0.8702436828907604,0.7152034487123586,466590,546942,406047
concerto_decoder_origin_maskedmodel_full,full_nn,random_keep0p2,random_drop,13,curtain,0.1999224521792852,0.8492616260454996,-0.011961247106696993,0.926287363992317,0.8612228731521966,418083,425184,387265
concerto_decoder_origin_maskedmodel_full,full_nn,random_keep0p2,random_drop,14,refridgerator,0.1999224521792852,0.7395152964190618,-0.03531898850747173,0.9082069830761833,0.7748342849265335,149848,170275,136093
concerto_decoder_origin_maskedmodel_full,full_nn,random_keep0p2,random_drop,15,shower curtain,0.1999224521792852,0.748459410026731,-0.02665372826924517,0.7902962236681812,0.7751131382959762,100971,85441,79797
concerto_decoder_origin_maskedmodel_full,full_nn,random_keep0p2,random_drop,16,toilet,0.1999224521792852,0.9080462689030805,-0.04488108125424839,0.9292851852333108,0.9529273501573289,76957,73315,71515
concerto_decoder_origin_maskedmodel_full,full_nn,random_keep0p2,random_drop,17,sink,0.1999224521792852,0.6622689925092653,-0.043252936444891366,0.7597680642283664,0.7055219289541567,67260,61004,51102
concerto_decoder_origin_maskedmodel_full,full_nn,random_keep0p2,random_drop,18,bathtub,0.1999224521792852,0.8295261301048239,-0.021773172708299704,0.9055958104157706,0.8512993028131236,72179,71984,65365
concerto_decoder_origin_maskedmodel_full,full_nn,random_keep0p2,random_drop,19,otherfurniture,0.1999224521792852,0.6770198340236883,-0.024774031442801547,0.7692265991385013,0.7017938654664898,1088336,985403,837177
concerto_decoder_origin_maskedmodel_full,full_nn,fixed_points_4000,fixed_count_drop,0,wall,0.048796060629403934,0.6791041090839772,-0.2047086009023702,0.8489596542046821,0.8838127099863474,7645679,8403188,6490873
concerto_decoder_origin_maskedmodel_full,full_nn,fixed_points_4000,fixed_count_drop,1,floor,0.048796060629403934,0.7566599245229176,-0.21006779603396708,0.9741444991332658,0.9667277205568847,6968111,8790771,6787947
concerto_decoder_origin_maskedmodel_full,full_nn,fixed_points_4000,fixed_count_drop,2,cabinet,0.048796060629403934,0.31751894550749704,-0.4149721935283668,0.48725443790535067,0.7324911390358638,999289,1021096,486908
concerto_decoder_origin_maskedmodel_full,full_nn,fixed_points_4000,fixed_count_drop,3,bed,0.048796060629403934,0.41763799988979144,-0.4335504708979915,0.4381948448918297,0.8511884707877829,657251,320355,288004
concerto_decoder_origin_maskedmodel_full,full_nn,fixed_points_4000,fixed_count_drop,4,chair,0.048796060629403934,0.5345580362070346,-0.3842969614035231,0.6738999250231433,0.9188549976105577,2091312,1954472,1409335
concerto_decoder_origin_maskedmodel_full,full_nn,fixed_points_4000,fixed_count_drop,5,sofa,0.048796060629403934,0.4515784875417933,-0.3519702168257406,0.5553231163384107,0.8035487043675339,580797,455961,322530
concerto_decoder_origin_maskedmodel_full,full_nn,fixed_points_4000,fixed_count_drop,6,table,0.048796060629403934,0.47963144730310225,-0.31531017084766555,0.5203431314755691,0.7949416181507678,1060235,641680,551686
concerto_decoder_origin_maskedmodel_full,full_nn,fixed_points_4000,fixed_count_drop,7,door,0.048796060629403934,0.3402321083172147,-0.4295931489559243,0.3900745700078398,0.769825257273139,1086764,583125,423919
concerto_decoder_origin_maskedmodel_full,full_nn,fixed_points_4000,fixed_count_drop,8,window,0.048796060629403934,0.31966217400114133,-0.42513577749196113,0.3937480482243815,0.7447979514931025,829373,518782,326564
concerto_decoder_origin_maskedmodel_full,full_nn,fixed_points_4000,fixed_count_drop,9,bookshelf,0.048796060629403934,0.3635086826672602,-0.4533077826593295,0.3745457226252658,0.8168164653265897,732482,296588,274348
concerto_decoder_origin_maskedmodel_full,full_nn,fixed_points_4000,fixed_count_drop,10,picture,0.048796060629403934,0.019530579647010667,-0.40174439542176926,0.019781130713230417,0.4212749750687799,149587,4878,2959
concerto_decoder_origin_maskedmodel_full,full_nn,fixed_points_4000,fixed_count_drop,11,counter,0.048796060629403934,0.28752045217908656,-0.4075473434275209,0.30560298488585325,0.6950677956066075,158130,58270,48325
concerto_decoder_origin_maskedmodel_full,full_nn,fixed_points_4000,fixed_count_drop,12,desk,0.048796060629403934,0.30263810658748547,-0.41256534212487317,0.6210291690777769,0.7152034487123586,466590,780643,289766
concerto_decoder_origin_maskedmodel_full,full_nn,fixed_points_4000,fixed_count_drop,13,curtain,0.048796060629403934,0.3330316825743786,-0.528191190577818,0.7754847721624651,0.8612228731521966,418083,879666,324217
concerto_decoder_origin_maskedmodel_full,full_nn,fixed_points_4000,fixed_count_drop,14,refridgerator,0.048796060629403934,0.2436606764340271,-0.5311736084925064,0.4525986332817252,0.7748342849265335,149848,196315,67821
concerto_decoder_origin_maskedmodel_full,full_nn,fixed_points_4000,fixed_count_drop,15,shower curtain,0.048796060629403934,0.3637592560702597,-0.41135388222571645,0.4184072654524562,0.7751131382959762,100971,57416,42247
concerto_decoder_origin_maskedmodel_full,full_nn,fixed_points_4000,fixed_count_drop,16,toilet,0.048796060629403934,0.5851476918878006,-0.3677796582695283,0.6129007107865423,0.9529273501573289,76957,50817,47167
concerto_decoder_origin_maskedmodel_full,full_nn,fixed_points_4000,fixed_count_drop,17,sink,0.048796060629403934,0.35814333356019823,-0.34737859539395843,0.39118346714243174,0.7055219289541567,67260,32516,26311
concerto_decoder_origin_maskedmodel_full,full_nn,fixed_points_4000,fixed_count_drop,18,bathtub,0.048796060629403934,0.5136093731319484,-0.33768992968117517,0.5356682691641605,0.8512993028131236,72179,41764,38664
concerto_decoder_origin_maskedmodel_full,full_nn,fixed_points_4000,fixed_count_drop,19,otherfurniture,0.048796060629403934,0.19286751893390439,-0.5089263465325854,0.20787606033430853,0.7017938654664898,1088336,310931,226239
concerto_decoder_origin_maskedmodel_full,full_nn,classwise_keep0p2,classwise_random_drop,0,wall,0.20010908067417452,0.8671216236478475,-0.016691086338499916,0.939433371450724,0.8838127099863474,7645679,7820201,7182606
concerto_decoder_origin_maskedmodel_full,full_nn,classwise_keep0p2,classwise_random_drop,1,floor,0.20010908067417452,0.9457937056681865,-0.02093401488869817,0.9825259672241157,0.9667277205568847,6968111,7116974,6846350
concerto_decoder_origin_maskedmodel_full,full_nn,classwise_keep0p2,classwise_random_drop,2,cabinet,0.20010908067417452,0.7059657226164402,-0.02652541641942363,0.8179825856183746,0.7324911390358638,999289,975960,817401
concerto_decoder_origin_maskedmodel_full,full_nn,classwise_keep0p2,classwise_random_drop,3,bed,0.20010908067417452,0.836740460382367,-0.014448010405415879,0.8785882410220751,0.8511884707877829,657251,610324,577453
concerto_decoder_origin_maskedmodel_full,full_nn,classwise_keep0p2,classwise_random_drop,4,chair,0.20010908067417452,0.8955894136468602,-0.02326558396369749,0.9416983214364953,0.9188549976105577,2091312,2077055,1969385
concerto_decoder_origin_maskedmodel_full,full_nn,classwise_keep0p2,classwise_random_drop,5,sofa,0.20010908067417452,0.8157641104986622,0.012215406131128259,0.8714731653228235,0.8035487043675339,580797,545812,506149
concerto_decoder_origin_maskedmodel_full,full_nn,classwise_keep0p2,classwise_random_drop,6,table,0.20010908067417452,0.7614068041072821,-0.03353481404348568,0.8021316028993573,0.7949416181507678,1060235,907156,850448
concerto_decoder_origin_maskedmodel_full,full_nn,classwise_keep0p2,classwise_random_drop,7,door,0.20010908067417452,0.7386362227470817,-0.031189034526057258,0.8771113139559279,0.769825257273139,1086764,1156953,953213
concerto_decoder_origin_maskedmodel_full,full_nn,classwise_keep0p2,classwise_random_drop,8,window,0.20010908067417452,0.7294760370156036,-0.015321914477498866,0.8283305581445259,0.7447979514931025,829373,799387,686995
concerto_decoder_origin_maskedmodel_full,full_nn,classwise_keep0p2,classwise_random_drop,9,bookshelf,0.20010908067417452,0.7964802226216452,-0.020336242704944496,0.9159214833948136,0.8168164653265897,732482,780740,670896
concerto_decoder_origin_maskedmodel_full,full_nn,classwise_keep0p2,classwise_random_drop,10,picture,0.20010908067417452,0.3046553872308712,-0.11661958783790871,0.3498098096759743,0.4212749750687799,149587,74498,52327
concerto_decoder_origin_maskedmodel_full,full_nn,classwise_keep0p2,classwise_random_drop,11,counter,0.20010908067417452,0.5626763355532696,-0.1323914600533379,0.6192499841902229,0.6950677956066075,158130,113821,97922
concerto_decoder_origin_maskedmodel_full,full_nn,classwise_keep0p2,classwise_random_drop,12,desk,0.20010908067417452,0.6715141244796893,-0.04368932423266936,0.8747572815533978,0.7152034487123586,466590,549373,408153
concerto_decoder_origin_maskedmodel_full,full_nn,classwise_keep0p2,classwise_random_drop,13,curtain,0.20010908067417452,0.8415111362208015,-0.019711736931395052,0.9191643764515656,0.8612228731521966,418083,422867,384287
concerto_decoder_origin_maskedmodel_full,full_nn,classwise_keep0p2,classwise_random_drop,14,refridgerator,0.20010908067417452,0.7265831716352087,-0.04825111329132481,0.9070991938497672,0.7748342849265335,149848,173156,135927
concerto_decoder_origin_maskedmodel_full,full_nn,classwise_keep0p2,classwise_random_drop,15,shower curtain,0.20010908067417452,0.7390741157918443,-0.036039022504131824,0.779808063701458,0.7751131382959762,100971,84303,78738
concerto_decoder_origin_maskedmodel_full,full_nn,classwise_keep0p2,classwise_random_drop,16,toilet,0.20010908067417452,0.911302604193105,-0.04162474596422383,0.9330795119352353,0.9529273501573289,76957,73646,71807
concerto_decoder_origin_maskedmodel_full,full_nn,classwise_keep0p2,classwise_random_drop,17,sink,0.20010908067417452,0.6633540533205817,-0.042167875633574936,0.7631727624145097,0.7055219289541567,67260,61452,51331
concerto_decoder_origin_maskedmodel_full,full_nn,classwise_keep0p2,classwise_random_drop,18,bathtub,0.20010908067417452,0.8320755437341705,-0.01922375907895313,0.9058313359841492,0.8512993028131236,72179,71780,65382
concerto_decoder_origin_maskedmodel_full,full_nn,classwise_keep0p2,classwise_random_drop,19,otherfurniture,0.20010908067417452,0.6789790544099178,-0.022814811056572015,0.7699478837417856,0.7017938654664898,1088336,983776,837962
concerto_decoder_origin_maskedmodel_full,full_nn,structured_b64_keep0p2,structured_drop,0,wall,0.20678650113777855,0.5101825856449057,-0.3736301243414417,0.6985123231043312,0.8838127099863474,7645679,8162941,5340601
concerto_decoder_origin_maskedmodel_full,full_nn,structured_b64_keep0p2,structured_drop,1,floor,0.20678650113777855,0.6236149216536512,-0.34311279890323354,0.7984037567713832,0.9667277205568847,6968111,7516411,5563366
concerto_decoder_origin_maskedmodel_full,full_nn,structured_b64_keep0p2,structured_drop,2,cabinet,0.20678650113777855,0.22665825338152626,-0.5058328856543376,0.3544299997298079,0.7324911390358638,999289,917497,354178
concerto_decoder_origin_maskedmodel_full,full_nn,structured_b64_keep0p2,structured_drop,3,bed,0.20678650113777855,0.3664799721494102,-0.48470849863837273,0.5445697305899876,0.8511884707877829,657251,677308,357919
concerto_decoder_origin_maskedmodel_full,full_nn,structured_b64_keep0p2,structured_drop,4,chair,0.20678650113777855,0.31746744581702,-0.6013875517935376,0.4137440993978899,0.9188549976105577,2091312,1499489,865268
concerto_decoder_origin_maskedmodel_full,full_nn,structured_b64_keep0p2,structured_drop,5,sofa,0.20678650113777855,0.38408974383778965,-0.41945896052974424,0.5468915989579834,0.8035487043675339,580797,563812,317633
concerto_decoder_origin_maskedmodel_full,full_nn,structured_b64_keep0p2,structured_drop,6,table,0.20678650113777855,0.3044737779491429,-0.4904678402016249,0.4498625304767339,0.7949416181507678,1060235,983231,476960
concerto_decoder_origin_maskedmodel_full,full_nn,structured_b64_keep0p2,structured_drop,7,door,0.20678650113777855,0.27387302803068675,-0.49595222924245225,0.40798554239926976,0.769825257273139,1086764,975560,443384
concerto_decoder_origin_maskedmodel_full,full_nn,structured_b64_keep0p2,structured_drop,8,window,0.20678650113777855,0.32816558018368147,-0.416632371309421,0.4477635515021588,0.7447979514931025,829373,673623,371363
concerto_decoder_origin_maskedmodel_full,full_nn,structured_b64_keep0p2,structured_drop,9,bookshelf,0.20678650113777855,0.37965902324443,-0.4371574420821597,0.5675443219082515,0.8168164653265897,732482,778206,415716
concerto_decoder_origin_maskedmodel_full,full_nn,structured_b64_keep0p2,structured_drop,10,picture,0.20678650113777855,0.13978712718281558,-0.28148784788596437,0.1935061201842405,0.4212749750687799,149587,86431,28946
concerto_decoder_origin_maskedmodel_full,full_nn,structured_b64_keep0p2,structured_drop,11,counter,0.20678650113777855,0.1844985933328546,-0.5105692022737529,0.3574906722317079,0.6950677956066075,158130,204798,56530
concerto_decoder_origin_maskedmodel_full,full_nn,structured_b64_keep0p2,structured_drop,12,desk,0.20678650113777855,0.2462928575437329,-0.46891059116862577,0.4326496495852889,0.7152034487123586,466590,554914,201870
concerto_decoder_origin_maskedmodel_full,full_nn,structured_b64_keep0p2,structured_drop,13,curtain,0.20678650113777855,0.29569585912819274,-0.5655270140240038,0.39940155423683804,0.8612228731521966,418083,313612,166983
concerto_decoder_origin_maskedmodel_full,full_nn,structured_b64_keep0p2,structured_drop,14,refridgerator,0.20678650113777855,0.20671645361826477,-0.5681178313082688,0.3747997971277559,0.7748342849265335,149848,178006,56163
concerto_decoder_origin_maskedmodel_full,full_nn,structured_b64_keep0p2,structured_drop,15,shower curtain,0.20678650113777855,0.2478406115508471,-0.527272526745129,0.4893484267760045,0.7751131382959762,100971,147801,49410
concerto_decoder_origin_maskedmodel_full,full_nn,structured_b64_keep0p2,structured_drop,16,toilet,0.20678650113777855,0.25864020354390926,-0.6942871466134196,0.3711813090427117,0.9529273501573289,76957,62051,28565
concerto_decoder_origin_maskedmodel_full,full_nn,structured_b64_keep0p2,structured_drop,17,sink,0.20678650113777855,0.21367118871239407,-0.49185074024176256,0.35078798691644314,0.7055219289541567,67260,66756,23594
concerto_decoder_origin_maskedmodel_full,full_nn,structured_b64_keep0p2,structured_drop,18,bathtub,0.20678650113777855,0.248501306553261,-0.6027979962598626,0.3359702960694934,0.8512993028131236,72179,49656,24250
concerto_decoder_origin_maskedmodel_full,full_nn,structured_b64_keep0p2,structured_drop,19,otherfurniture,0.20678650113777855,0.30451537316144006,-0.39727849230504975,0.44515664280148776,0.7017938654664898,1088336,987131,484480
concerto_decoder_origin_maskedmodel_full,full_nn,masked_model_keep0p2,masked_model_drop_raw,0,wall,0.20297733944294977,0.401040119591601,-0.4827725903947464,0.5730253650460606,0.8838127099863474,7645679,7660002,4381168
concerto_decoder_origin_maskedmodel_full,full_nn,masked_model_keep0p2,masked_model_drop_raw,1,floor,0.20297733944294977,0.39150288421102747,-0.5752248363458572,0.5098351619255204,0.9667277205568847,6968111,5658709,3552588
concerto_decoder_origin_maskedmodel_full,full_nn,masked_model_keep0p2,masked_model_drop_raw,2,cabinet,0.20297733944294977,0.18308030477318543,-0.5494108342626784,0.305642311683607,0.7324911390358638,999289,974393,305425
concerto_decoder_origin_maskedmodel_full,full_nn,masked_model_keep0p2,masked_model_drop_raw,3,bed,0.20297733944294977,0.19668263614501355,-0.6545058346427693,0.3015088603897141,0.8511884707877829,657251,548463,198167
concerto_decoder_origin_maskedmodel_full,full_nn,masked_model_keep0p2,masked_model_drop_raw,4,chair,0.20297733944294977,0.23498159430686483,-0.6838734033036928,0.467068997834852,0.9188549976105577,2091312,3042341,976787
concerto_decoder_origin_maskedmodel_full,full_nn,masked_model_keep0p2,masked_model_drop_raw,5,sofa,0.20297733944294977,0.17486810749923057,-0.6286805968683034,0.24751160904756733,0.8035487043675339,580797,385028,143754
concerto_decoder_origin_maskedmodel_full,full_nn,masked_model_keep0p2,masked_model_drop_raw,6,table,0.20297733944294977,0.15690507964576372,-0.6380365385050041,0.2681443264936547,0.7949416181507678,1060235,1035959,284296
concerto_decoder_origin_maskedmodel_full,full_nn,masked_model_keep0p2,masked_model_drop_raw,7,door,0.20297733944294977,0.1783271907742726,-0.5914980664988664,0.28570232359555525,0.769825257273139,1086764,964858,310491
concerto_decoder_origin_maskedmodel_full,full_nn,masked_model_keep0p2,masked_model_drop_raw,8,window,0.20297733944294977,0.19349250588844938,-0.5513054456046531,0.34261303418365435,0.7447979514931025,829373,923334,284154
concerto_decoder_origin_maskedmodel_full,full_nn,masked_model_keep0p2,masked_model_drop_raw,9,bookshelf,0.20297733944294977,0.3615604901759624,-0.45525597515062727,0.5581229299832623,0.8168164653265897,732482,807029,408815
concerto_decoder_origin_maskedmodel_full,full_nn,masked_model_keep0p2,masked_model_drop_raw,10,picture,0.20297733944294977,0.09498137337737149,-0.3262936016914084,0.13226416734074478,0.4212749750687799,149587,78502,19785
concerto_decoder_origin_maskedmodel_full,full_nn,masked_model_keep0p2,masked_model_drop_raw,11,counter,0.20297733944294977,0.1298462712377508,-0.5652215243688566,0.19800796812748994,0.6950677956066075,158130,114320,31311
concerto_decoder_origin_maskedmodel_full,full_nn,masked_model_keep0p2,masked_model_drop_raw,12,desk,0.20297733944294977,0.15944769134048944,-0.5557557573718692,0.44028804732205995,0.7152034487123586,466590,1027254,205434
concerto_decoder_origin_maskedmodel_full,full_nn,masked_model_keep0p2,masked_model_drop_raw,13,curtain,0.20297733944294977,0.1568702617924303,-0.7043526113597662,0.23588378384196432,0.8612228731521966,418083,309202,98619
concerto_decoder_origin_maskedmodel_full,full_nn,masked_model_keep0p2,masked_model_drop_raw,14,refridgerator,0.20297733944294977,0.14308733857318398,-0.6317469463533495,0.24711040521061328,0.7748342849265335,149848,145967,37029
concerto_decoder_origin_maskedmodel_full,full_nn,masked_model_keep0p2,masked_model_drop_raw,15,shower curtain,0.20297733944294977,0.12929968849405826,-0.6458134498019179,0.23308672787235915,0.7751131382959762,100971,104583,23535
concerto_decoder_origin_maskedmodel_full,full_nn,masked_model_keep0p2,masked_model_drop_raw,16,toilet,0.20297733944294977,0.1572677708054726,-0.7956595793518563,0.29798458879634043,0.9529273501573289,76957,91790,22932
concerto_decoder_origin_maskedmodel_full,full_nn,masked_model_keep0p2,masked_model_drop_raw,17,sink,0.20297733944294977,0.12112735570016046,-0.5843945732539962,0.2130984240261668,0.7055219289541567,67260,65403,14333
concerto_decoder_origin_maskedmodel_full,full_nn,masked_model_keep0p2,masked_model_drop_raw,18,bathtub,0.20297733944294977,0.24475019443724283,-0.6065491083758807,0.3662284043835459,0.8512993028131236,72179,62259,26434
concerto_decoder_origin_maskedmodel_full,full_nn,masked_model_keep0p2,masked_model_drop_raw,19,otherfurniture,0.20297733944294977,0.15398554001401568,-0.5478083254524742,0.30506847150144806,0.7017938654664898,1088336,1399838,332017
concerto_decoder_origin_maskedmodel_full,full_nn,feature_zero1p0,feature_zero,0,wall,1.0,0.5135119993405929,-0.37030071064575454,0.959063413465305,0.8838127099863474,7645679,13966505,7332691
concerto_decoder_origin_maskedmodel_full,full_nn,feature_zero1p0,feature_zero,1,floor,1.0,0.6487960684836579,-0.3179316520732268,0.73227220404497,0.9667277205568847,6968111,5999093,5102554
concerto_decoder_origin_maskedmodel_full,full_nn,feature_zero1p0,feature_zero,2,cabinet,1.0,0.005204275966351169,-0.7272868630695126,0.005441869168979143,0.7324911390358638,999289,51059,5438
concerto_decoder_origin_maskedmodel_full,full_nn,feature_zero1p0,feature_zero,3,bed,1.0,0.05161363869855339,-0.7995748320892295,0.34167768478100446,0.8511884707877829,657251,3918260,224568
concerto_decoder_origin_maskedmodel_full,full_nn,feature_zero1p0,feature_zero,4,chair,1.0,0.03907077483603642,-0.8797842227745213,0.039298775122985,0.9188549976105577,2091312,94390,82186
concerto_decoder_origin_maskedmodel_full,full_nn,feature_zero1p0,feature_zero,5,sofa,1.0,0.0054804573141480585,-0.7980682470533859,0.007277930154597905,0.8035487043675339,580797,194716,4227
concerto_decoder_origin_maskedmodel_full,full_nn,feature_zero1p0,feature_zero,6,table,1.0,0.04959568177511518,-0.7453459363756526,0.05899918414313808,0.7949416181507678,1060235,263577,62553
concerto_decoder_origin_maskedmodel_full,full_nn,feature_zero1p0,feature_zero,7,door,1.0,0.0,-0.769825257273139,0.0,0.769825257273139,1086764,211,0
concerto_decoder_origin_maskedmodel_full,full_nn,feature_zero1p0,feature_zero,8,window,1.0,5.184595722105669e-05,-0.7447461055358814,5.1846394806679257e-05,0.7447979514931025,829373,50,43
concerto_decoder_origin_maskedmodel_full,full_nn,feature_zero1p0,feature_zero,9,bookshelf,1.0,0.0,-0.8168164653265897,0.0,0.8168164653265897,732482,6,0
concerto_decoder_origin_maskedmodel_full,full_nn,feature_zero1p0,feature_zero,10,picture,1.0,0.0,-0.4212749750687799,0.0,0.4212749750687799,149587,0,0
concerto_decoder_origin_maskedmodel_full,full_nn,feature_zero1p0,feature_zero,11,counter,1.0,0.0,-0.6950677956066075,0.0,0.6950677956066075,158130,0,0
concerto_decoder_origin_maskedmodel_full,full_nn,feature_zero1p0,feature_zero,12,desk,1.0,0.005441728572569693,-0.709761720139789,0.0070082942197646735,0.7152034487123586,466590,137592,3270
concerto_decoder_origin_maskedmodel_full,full_nn,feature_zero1p0,feature_zero,13,curtain,1.0,0.0005449500896798299,-0.8606779230625168,0.0005501299981104229,0.8612228731521966,418083,4204,230
concerto_decoder_origin_maskedmodel_full,full_nn,feature_zero1p0,feature_zero,14,refridgerator,1.0,0.0029148369033693195,-0.7719194480231641,0.00304308365810688,0.7748342849265335,149848,7049,456
concerto_decoder_origin_maskedmodel_full,full_nn,feature_zero1p0,feature_zero,15,shower curtain,1.0,0.0,-0.7751131382959762,0.0,0.7751131382959762,100971,25,0
concerto_decoder_origin_maskedmodel_full,full_nn,feature_zero1p0,feature_zero,16,toilet,1.0,0.0,-0.9529273501573289,0.0,0.9529273501573289,76957,0,0
concerto_decoder_origin_maskedmodel_full,full_nn,feature_zero1p0,feature_zero,17,sink,1.0,0.0,-0.7055219289541567,0.0,0.7055219289541567,67260,0,0
concerto_decoder_origin_maskedmodel_full,full_nn,feature_zero1p0,feature_zero,18,bathtub,1.0,0.0,-0.8512993028131236,0.0,0.8512993028131236,72179,0,0
concerto_decoder_origin_maskedmodel_full,full_nn,feature_zero1p0,feature_zero,19,otherfurniture,1.0,0.0415041104015189,-0.6602897550649709,0.06776951235647814,0.7017938654664898,1088336,762497,73756
