variant,mIoU,delta_mIoU,weak_mean_iou,delta_weak_mean_iou,picture_iou,delta_picture_iou,picture_to_wall,delta_picture_to_wall
phrd_s8_pred_agreement_thr0p8_a0p1,0.7789879877022104,0.00018125612744912534,0.6819285261665974,8.262474145415144e-05,0.40750207214345424,-8.85667000988799e-05,0.43936136365827555,0.0015425998592377699
phrd_s8_pred_agreement_thr0p7_a0p1,0.7789734009762384,0.00016666940147702647,0.6819093387757313,6.343735058811362e-05,0.4074839973109635,-0.00010664153258960196,0.4398193229914868,0.002000559192449014
phrd_s8_pred_agreement_thr0p9_a0p1,0.7789722660350878,0.00016553446032652186,0.6819687117029493,0.00012281027780602916,0.40762614176904877,3.5502925495645155e-05,0.43857560185497635,0.000756838055938569
phrd_s8_pred_agreement_thr0p9_a0p25,0.7789685411311281,0.00016180955636679872,0.6819255081253522,7.960670020901173e-05,0.40763884577317916,4.82069296260379e-05,0.4392649511670732,0.0014461873680354231
phrd_s8_pred_agreement_thr0p6_a0p1,0.7789608130553092,0.00015408148054785187,0.6818800702345102,3.416880936701894e-05,0.4074671052631577,-0.0001235335803954074,0.44002660984757186,0.002207846048534079
phrd_s8_pred_agreement_thr0p95_a0p25,0.77893512958921,0.00012839801444863852,0.6819248949928743,7.899356773111155e-05,0.40751244905547557,-7.818978807755395e-05,0.4383201087532901,0.000501344954252303
phrd_s8_pred_agreement_thr0p95_a0p1,0.7789065287860464,9.979721128505759e-05,0.681931343459606,8.544203446281262e-05,0.40749500721584847,-9.563162770465095e-05,0.43818513126560676,0.0003663674665689842
phrd_s4_pred_agreement_thr0p8_a0p1,0.7788931484289068,8.641685414545464e-05,0.6819092812885527,6.337986340942958e-05,0.40739863239389373,-0.00019200644965938762,0.43842616249361266,0.0006073986945748788
phrd_s4_pred_agreement_thr0p7_a0p1,0.7788921617543759,8.543017961459842e-05,0.6818563049359803,1.0403510837031504e-05,0.40721230437207656,-0.0003783344714765602,0.4387732474619412,0.0009544836629034048
phrd_s4_pred_agreement_thr0p6_a0p1,0.7788810706229304,7.433904816911419e-05,0.6818629848492141,1.708342407091834e-05,0.40732636799591543,-0.00026427084763769315,0.43881663308298224,0.0009978692839444636
phrd_s8_pred_agreement_thr0p95_a0p5,0.7788659006957454,5.916912098402616e-05,0.6818673156484376,2.1414223294380363e-05,0.40751717978162977,-7.345906192335327e-05,0.43833939125153054,0.0005206274524927612
phrd_s8_region_entropy_score_thr0p6_a0p1,0.7788573259822049,5.059440744359378e-05,0.681726938400103,-0.0001189630250402196,0.40748540320782084,-0.00010523563573228145,0.4401182017142141,0.002299437915176339
phrd_s4_pred_agreement_thr0p9_a0p1,0.7788454452941066,3.871371934527357e-05,0.6818746872060364,2.8785780893159085e-05,0.40747016489022486,-0.0001204739533282595,0.43815138689368593,0.00033262309464815454
phrd_s4_region_entropy_score_thr0p6_a0p1,0.7788407844534551,3.405287869373552e-05,0.6817948416107555,-5.105981438768836e-05,0.40724478594950586,-0.0003458528940472605,0.4388503774549031,0.0010316136558652933
phrd_s8_mean_conf_thr0p6_a0p1,0.7788383208683106,3.158929354929452e-05,0.6816750092854746,-0.00017089213966858807,0.4074912255045333,-9.941333901980487e-05,0.4400989192159736,0.002280155416935825
phrd_s4_pred_agreement_thr0p9_a0p25,0.7788278031804371,2.1071605675770932e-05,0.6818310061636199,-1.4895261523317771e-05,0.4073849989247976,-0.0002056399187554958,0.43841652124449243,0.0005977574454546497
phrd_s8_pred_agreement_thr0p95_a0p75,0.7788276537666532,2.0922191891870057e-05,0.6818356448588665,-1.0256566276733992e-05,0.40752447093563715,-6.616790791597049e-05,0.4383297500024103,0.0005109862033725321
phrd_s8_pred_agreement_thr0p95_a1p0,0.7788260655237899,1.9333949028532693e-05,0.6818343571109073,-1.154431423588953e-05,0.40752447093563715,-6.616790791597049e-05,0.4383297500024103,0.0005109862033725321
phrd_s4_pred_agreement_thr0p8_a0p25,0.778817075824776,1.0344250014671097e-05,0.6817874464048691,-5.845502027412852e-05,0.4068181652433286,-0.0007724736002245325,0.4394818792722785,0.0016631154732407172
phrd_s4_pred_agreement_thr0p95_a0p1,0.7788168249445415,1.009336978019526e-05,0.6818517417599658,5.840334822537763e-06,0.40754800843768085,-4.2630405872268184e-05,0.43790553504111995,8.677124208217313e-05
phrd_s8_region_conf_thr0p6_a0p1,0.7788158883945528,9.156819791522608e-06,0.6816447746763628,-0.00020112674878047798,0.40742148941615164,-0.00016914942740148264,0.44015676671069504,0.0023380029116572554
phrd_s8_pred_agreement_thr0p8_a0p25,0.7788145060365232,7.774461761922424e-06,0.6816230237953445,-0.0002228776297987789,0.40686888210444605,-0.0007217567391070712,0.441829523433056,0.004010759634018202
phrd_s4_mean_conf_thr0p6_a0p1,0.7788144843984395,7.75282367815322e-06,0.6817485892363601,-9.731218878317183e-05,0.407158901951632,-0.0004317368919211084,0.43890340432506436,0.0010846405260265812
phrd_s4_pred_agreement_thr0p95_a0p25,0.7788141624793726,7.430904611305245e-06,0.6818435331237312,-2.3683014119812995e-06,0.40754180784785204,-4.883099570107685e-05,0.43794410003760087,0.00012533623856308962
phrd_s4_region_conf_thr0p6_a0p1,0.7788134207653195,6.689190558128999e-06,0.6817475858201568,-9.831560498640979e-05,0.40720469081600635,-0.0003859480275467675,0.438888942451384,0.0010701786523462098
phrd_s8_mean_top_gap_thr0p95_a0p1,0.7788102997097937,3.5681350323280014e-06,0.6818509743910769,5.072965933661244e-06,0.4075915887033311,9.498597779988849e-07,0.43782840504815806,9.641249120284634e-06
phrd_s4_mean_top_gap_thr0p95_a0p1,0.7788063978122397,-3.3376252162042874e-07,0.6818460302822277,1.288570844470982e-07,0.4075906388435531,0.0,0.4378187637990378,0.0
phrd_s4_pred_agreement_thr0p95_a0p5,0.7788044485215627,-2.2830531986040015e-06,0.6818344314958623,-1.1469929280916169e-05,0.40753883820571846,-5.180063783466471e-05,0.43794410003760087,0.00012533623856308962
phrd_s4_mean_top_gap_thr0p9_a0p1,0.7788039679903943,-2.7635843670159588e-06,0.6818432370264266,-2.6643987166563576e-06,0.40757970972254587,-1.0929121007252629e-05,0.43783322567271815,1.446187368037144e-05
phrd_s4_mean_top_gap_thr0p95_a0p25,0.778803168231408,-3.563343353274462e-06,0.6818441277626199,-1.773662523296693e-06,0.4075906388435531,0.0,0.4378139431744777,-4.820624560086806e-06
phrd_s4_mean_conf_thr0p95_a0p1,0.7788027865931053,-3.944981656012203e-06,0.6818437519795306,-2.149445612609213e-06,0.40757970972254587,-1.0929121007252629e-05,0.43783322567271815,1.446187368037144e-05
phrd_s4_pred_agreement_thr0p95_a0p75,0.7788013487371874,-5.382837573897348e-06,0.681830525601217,-1.537582392618919e-05,0.40753519484683304,-5.544399672008371e-05,0.437948920662161,0.00013015686312323194
phrd_s4_pred_agreement_thr0p95_a1p0,0.7788006961701763,-6.035404584991966e-06,0.681829820519974,-1.6080905169246762e-05,0.40753519484683304,-5.544399672008371e-05,0.437948920662161,0.00013015686312323194
phrd_s8_mean_conf_thr0p95_a0p1,0.778784682472614,-2.2049102147314592e-05,0.6818043674228746,-4.153400226858395e-05,0.4075065852032394,-8.405364031371931e-05,0.43795856191128124,0.00013979811224346106
phrd_s4_mean_conf_thr0p95_a0p25,0.7787838317020511,-2.289987271020255e-05,0.6818346291980397,-1.127222710350928e-05,0.40758267940282833,-7.959440724791822e-06,0.4378235844235979,4.820624560142317e-06
phrd_s4_region_entropy_score_thr0p7_a0p1,0.7787836768947349,-2.3054680026390884e-05,0.6817051404971294,-0.00014076092801384998,0.40711785297549574,-0.0004727858680573793,0.43889376307594413,0.001074999276906352
phrd_s8_mean_top_gap_thr0p9_a0p1,0.7787833588041135,-2.337277064778931e-05,0.6818068311577622,-3.907026738103614e-05,0.40750294193727005,-8.769690628307458e-05,0.43796338253584133,0.00014461873680354786
phrd_s4_mean_top_gap_thr0p9_a0p25,0.7787819132092182,-2.4818365543133325e-05,0.681830369225389,-1.5532199754253462e-05,0.40758267940282833,-7.959440724791822e-06,0.4378235844235979,4.820624560142317e-06
phrd_s4_region_entropy_score_thr0p95_a0p1,0.7787796029019152,-2.7128672846155055e-05,0.6818320138388481,-1.3887586295169285e-05,0.40757620468430644,-1.4434159246679013e-05,0.4378380462972783,1.9282498240513757e-05
phrd_s4_mean_top_gap_thr0p8_a0p1,0.7787727439139844,-3.398766077689075e-05,0.6818170092329419,-2.8892192201368516e-05,0.40755353486779294,-3.7103975760177654e-05,0.43786214942007884,4.338562104105881e-05
phrd_s4_mean_conf_thr0p9_a0p1,0.7787695838190156,-3.714775574570339e-05,0.6818247580790985,-2.1143346044749656e-05,0.4075578514805314,-3.2787363021702376e-05,0.4378525081709586,3.3744371920829686e-05
phrd_s4_pred_agreement_thr0p9_a0p5,0.778765251086132,-4.148048862928633e-05,0.6817530304921473,-9.287093299592541e-05,0.4073017122613657,-0.00028892658218743206,0.4385466781076156,0.0007279143085778261
phrd_s4_mean_top_gap_thr0p95_a0p5,0.7787617875649256,-4.494400983567903e-05,0.6818191998840006,-2.6701541142593044e-05,0.4075906388435531,0.0,0.4378139431744777,-4.820624560086806e-06
phrd_s8_region_entropy_score_thr0p7_a0p1,0.7787590851595869,-4.764641517440715e-05,0.6815508087712389,-0.0002950926539043719,0.407373969237967,-0.00021666960558613946,0.44007963671773315,0.002260872918695367
phrd_s8_mean_top_gap_thr0p95_a0p25,0.7787575054258816,-4.922614887969967e-05,0.6817996062095979,-4.6295215545333335e-05,0.40758578730504524,-4.85153850787734e-06,0.43783322567271815,1.446187368037144e-05
phrd_s4_region_conf_thr0p95_a0p1,0.7787525400030699,-5.4191571691397655e-05,0.6817645568019097,-8.134462323350355e-05,0.40749349674655144,-9.714209700167897e-05,0.43796338253584133,0.00014461873680354786
phrd_s4_mean_top_gap_thr0p7_a0p1,0.7787373911282306,-6.934044653073013e-05,0.6817597291325412,-8.617229260199366e-05,0.40745963040690203,-0.00013100843665109219,0.43805015377792345,0.00023138997888566548
phrd_s4_pred_agreement_thr0p9_a0p75,0.7787364134008802,-7.031817388114536e-05,0.6817361448089343,-0.00010975661620893362,0.4073220956719816,-0.0002685431715715447,0.438522574984815,0.0007038111857772256
phrd_s4_region_conf_thr0p7_a0p1,0.7787363498720676,-7.038170269368926e-05,0.6816447878793062,-0.00020111354583707275,0.4071330129724289,-0.00045762587112424535,0.4388744805777037,0.0010557167786658939
phrd_s4_region_entropy_score_thr0p9_a0p1,0.778733480617333,-7.325095742827248e-05,0.6817291936873973,-0.0001167077377459691,0.40743655608387513,-0.000154082759677987,0.4380887187744044,0.0002699549753666375
phrd_s4_region_conf_thr0p9_a0p1,0.7787331937210187,-7.353785374264454e-05,0.6817000004421782,-0.0001459009829650748,0.40737231809701474,-0.00021832074653838074,0.4382140550129675,0.0003952912139297271
phrd_s4_pred_agreement_thr0p9_a1p0,0.778731033088511,-7.569848625033071e-05,0.6817323857304062,-0.00011351569473705414,0.4073242557658103,-0.00026638307774284886,0.438522574984815,0.0007038111857772256
phrd_s4_pred_agreement_thr0p7_a0p25,0.7787236839652613,-8.304760950006429e-05,0.6815943883016894,-0.00025151312345383925,0.40636012753817735,-0.00123051130537577,0.4404652866825426,0.0026465228835048094
phrd_s8_region_conf_thr0p7_a0p1,0.7787220023518169,-8.472922294444629e-05,0.6815316090852418,-0.0003142923399014341,0.40731562904322255,-0.0002750098003305723,0.44007963671773315,0.002260872918695367
phrd_s4_mean_top_gap_thr0p6_a0p1,0.7787189564665581,-8.777510820323631e-05,0.681675326204297,-0.00017057522084618082,0.40730199913999793,-0.00028863970355519353,0.43833939125153054,0.0005206274524927612
phrd_s4_region_entropy_score_thr0p95_a0p25,0.7787170356661876,-8.969590857377252e-05,0.6817983749039339,-4.7526521209317885e-05,0.4075637905658451,-2.6848277708046986e-05,0.4378380462972783,1.9282498240513757e-05
phrd_s4_mean_conf_thr0p8_a0p1,0.7787143902705009,-9.234130426039044e-05,0.6816854176358527,-0.0001604837892905664,0.4073341204594483,-0.0002565183841048424,0.43831528812872994,0.0004965243296921606
phrd_s8_mean_conf_thr0p7_a0p1,0.7787139812524047,-9.275032235667169e-05,0.6814838249379223,-0.00036207648722097474,0.4073209235019402,-0.00026971534161290833,0.43996876235285043,0.0021499985538126487
phrd_s4_mean_conf_thr0p7_a0p1,0.7787131939611545,-9.353761360686441e-05,0.6815925190462634,-0.0002533823788798406,0.40709777857176693,-0.0004928602717861885,0.4388503774549031,0.0010316136558652933
phrd_s4_region_entropy_score_thr0p8_a0p1,0.7787119553878353,-9.477618692599332e-05,0.6816183680406678,-0.00022753338447545346,0.40713202705854895,-0.00045861178500417044,0.43863826997425787,0.0008195061752200861
phrd_s4_region_conf_thr0p8_a0p1,0.7787037883881255,-0.0001029431866358399,0.6816065299647349,-0.0002393714604083108,0.40715108312195675,-0.0004395557215963741,0.4385997049777769,0.0007809411787391141
phrd_s4_mean_top_gap_thr0p95_a0p75,0.7786937588653716,-0.00011297270938970261,0.6817818133773373,-6.408804780588806e-05,0.4075906388435531,0.0,0.4378139431744777,-4.820624560086806e-06
phrd_s8_mean_conf_thr0p9_a0p1,0.7786894300030811,-0.00011730157168021726,0.6816354657557265,-0.00021043566941669756,0.40718060871149975,-0.0004100301320533739,0.43865273184793824,0.0008339680489004575
phrd_s8_mean_top_gap_thr0p8_a0p1,0.7786854102663603,-0.0001213213084010345,0.6816146829599592,-0.00023121846518403544,0.4071289019785089,-0.0004617368650442488,0.43872504121634,0.0009062774173022037
phrd_s8_region_entropy_score_thr0p95_a0p1,0.7786764631209478,-0.00013026845381347574,0.6815735782196699,-0.0002723232054733238,0.40712403267490205,-0.00046660616865107363,0.43873950309002036,0.0009207392909825751
phrd_s4_mean_conf_thr0p9_a0p25,0.7786612572226013,-0.00014547435216005766,0.6817516072686336,-9.429415650963335e-05,0.40750455373406175,-8.608510949137393e-05,0.43789589379199967,7.71299929618885e-05
phrd_s4_pred_agreement_thr0p6_a0p25,0.7786591395241116,-0.00014759205064973635,0.6814772407058601,-0.0003686607192830982,0.40632482625708094,-0.0012658125864721814,0.4408316541491116,0.0030128903500737936
phrd_s4_mean_conf_thr0p95_a0p5,0.778658921672396,-0.00014780990236529234,0.6817877180639531,-5.8183361190122795e-05,0.40758119455727776,-9.444286275361868e-06,0.4378139431744777,-4.820624560086806e-06
phrd_s8_region_conf_thr0p8_a0p1,0.7786541416085766,-0.0001525899661847241,0.681414670925556,-0.0004312304995872651,0.40710607997078674,-0.000484558872766383,0.43987717048620817,0.0020584066871703888
phrd_s8_mean_top_gap_thr0p7_a0p1,0.7786529971968223,-0.00015373437793897438,0.6814628761972781,-0.0003830252278651525,0.4068497647445014,-0.0007408740990517138,0.43941439052843684,0.0015956267293990578
phrd_s4_mean_top_gap_thr0p8_a0p25,0.7786513410850366,-0.00015539048972468272,0.6817196540972331,-0.00012624732791011173,0.40748107509489756,-0.00010956374865556118,0.4379151762902402,9.641249120240225e-05
phrd_s8_mean_top_gap_thr0p6_a0p1,0.7786500180611501,-0.00015671351361123964,0.6814053423792646,-0.00044055904587858574,0.4068955951703092,-0.0006950436732439114,0.43979039924412605,0.001971635445088271
phrd_s8_mean_conf_thr0p8_a0p1,0.7786498175349064,-0.00015691403985496066,0.681406304093087,-0.00043959733205622964,0.4068204877407863,-0.0007701511027668473,0.439828964240607,0.002010200441569243
phrd_s8_region_entropy_score_thr0p8_a0p1,0.7786438007479867,-0.00016293082677465431,0.6814042509311145,-0.000441650494028778,0.40702468022332317,-0.000565958620229956,0.43994947985460997,0.0021307160555721905
phrd_s4_region_conf_thr0p95_a0p25,0.77864178376827,-0.00016494780649134455,0.6816801508891919,-0.0001657505359513589,0.40742359987758475,-0.0001670389659683691,0.43803569190424313,0.00021692810520534955
phrd_s8_pred_agreement_thr0p9_a0p5,0.7786409239855264,-0.0001658075892349009,0.6815924387739889,-0.00025346265115433475,0.40747073523609084,-0.00011990360746227946,0.439747013623085,0.0019282498240472123
phrd_s8_region_conf_thr0p9_a0p1,0.7786404198979975,-0.00016631167676384173,0.6814039271144852,-0.00044197431065806647,0.4070636921987729,-0.0005269466447802018,0.4395300855178797,0.0017113217188419183
phrd_s4_mean_top_gap_thr0p9_a0p5,0.7786336333114762,-0.0001730982632851541,0.6817566653083071,-8.92361168360889e-05,0.40758119455727776,-9.444286275361868e-06,0.4378139431744777,-4.820624560086806e-06
phrd_s8_region_entropy_score_thr0p9_a0p1,0.7786312785452931,-0.00017545302946819774,0.681459877992161,-0.00038602343298221875,0.40709543265723025,-0.0004952061863228718,0.4392360274197125,0.0014172636206747358
phrd_s8_region_conf_thr0p95_a0p1,0.7786281056624356,-0.0001786259123257583,0.6814720847202639,-0.00037381670487934837,0.4070076537960858,-0.0005829850474673437,0.4391106911811494,0.0012919273821116461
phrd_s8_mean_conf_thr0p95_a0p25,0.7786241437100957,-0.0001825878646656287,0.6816693562153019,-0.00017654520984133892,0.4073935079083425,-0.00019713093521062097,0.43814656626912585,0.00032780247008806773
phrd_s4_mean_top_gap_thr0p95_a1p0,0.7786175250874618,-0.00018920648729947587,0.6817412458663681,-0.00010465555877514632,0.4075906388435531,0.0,0.4378139431744777,-4.820624560086806e-06
phrd_s8_pred_agreement_thr0p7_a0p25,0.778591547381889,-0.00021518419287236412,0.6813137560300592,-0.0005321453950840604,0.4065157209643412,-0.001074917879211934,0.44347335640805624,0.005654592609018461
phrd_s4_region_entropy_score_thr0p95_a0p5,0.7785881939872266,-0.0002185375875347617,0.6817421309008591,-0.00010377052428411915,0.4075637905658451,-2.6848277708046986e-05,0.43782840504815806,9.641249120284634e-06
phrd_s8_mean_top_gap_thr0p9_a0p25,0.7785853495895199,-0.00022138198524146446,0.6816261072553595,-0.0002197941697836825,0.4073686780174815,-0.00022196082607162104,0.43817549001648654,0.0003567262174487551
phrd_s4_region_entropy_score_thr0p9_a0p25,0.7785680757276119,-0.00023865584714943822,0.6815604725198968,-0.00028542890524640985,0.4072170019273999,-0.00037363691615321937,0.4383442118760907,0.0005254480770529035
phrd_s4_region_entropy_score_thr0p95_a0p75,0.778557872959322,-0.0002488586154393291,0.6817251526526833,-0.00012074877245993321,0.4075637905658451,-2.6848277708046986e-05,0.43782840504815806,9.641249120284634e-06
phrd_s4_region_entropy_score_thr0p95_a1p0,0.778557872959322,-0.0002488586154393291,0.6817251526526833,-0.00012074877245993321,0.4075637905658451,-2.6848277708046986e-05,0.43782840504815806,9.641249120284634e-06
phrd_s4_region_entropy_score_thr0p6_a0p25,0.7785250324799986,-0.0002816990947627218,0.6812733036864137,-0.00057259773872953,0.4062132618712074,-0.0013773769723457452,0.44096663163679484,0.003147867837757057
phrd_s4_region_conf_thr0p9_a0p25,0.7784893794173856,-0.00031735215737571654,0.6813806867854063,-0.0004652146397369217,0.4069428907698977,-0.0006477480736554186,0.43876842683738104,0.0009496630383432625
phrd_s4_mean_top_gap_thr0p7_a0p25,0.7784861453219831,-0.00032058625277819885,0.6814480799519327,-0.00039782147321054673,0.4070679436225668,-0.0005226952209863023,0.4384840099883341,0.0006652461892963091
phrd_s8_pred_agreement_thr0p9_a0p75,0.7784613408457555,-0.00034539072900585666,0.6814091209741161,-0.00043678045102713003,0.4074208032383811,-0.00016983560517203067,0.4398048611178064,0.0019860973187686426
phrd_s8_pred_agreement_thr0p9_a1p0,0.7784496153914098,-0.0003571161833515468,0.6813899892484931,-0.0004559121766500862,0.40741633786351,-0.00017430098004311834,0.4398048611178064,0.0019860973187686426
phrd_s4_region_conf_thr0p6_a0p25,0.7784490059264301,-0.000357725648331253,0.6811632038463314,-0.0006826975788117862,0.40618623682760063,-0.0014044020159524884,0.44087503977015263,0.0030562759711148524
phrd_s4_mean_conf_thr0p6_a0p25,0.7784452628539384,-0.0003614687208228773,0.6811460690031733,-0.0006998324219699148,0.4060785480403142,-0.0015120908032389413,0.44099073475959544,0.0031719709605576574
phrd_s4_pred_agreement_thr0p8_a0p5,0.778432210239418,-0.0003745213353433252,0.6813641296705495,-0.00048177175459374055,0.4063287216784235,-0.0012619171651296335,0.4400699954686129,0.0022512316695751378
phrd_s4_mean_conf_thr0p95_a0p75,0.7784175998024913,-0.00038913177227006823,0.6817027202542031,-0.00014318117094014315,0.40758119455727776,-9.444286275361868e-06,0.4378139431744777,-4.820624560086806e-06
phrd_s4_region_entropy_score_thr0p7_a0p25,0.7784112723874685,-0.0003954591872927793,0.6810729322284638,-0.0007729691966794627,0.40600485498913996,-0.0015857838544131586,0.4409425285139943,0.0031237647149565118
phrd_s4_mean_conf_thr0p8_a0p25,0.7783722094741214,-0.00043452210063987806,0.6812250923918358,-0.0006208090333074123,0.40657214381757145,-0.0010184950259816694,0.4392938749144339,0.0014751111153961105
phrd_s4_mean_top_gap_thr0p6_a0p25,0.7783567753210698,-0.00044995625369148584,0.6811823308614556,-0.0006635705636875988,0.4065000655909745,-0.0010905732525786083,0.4393758255319559,0.0015570617329181413
phrd_s4_region_conf_thr0p95_a0p5,0.7783543312734339,-0.0004524003013274269,0.6815202794569404,-0.0003256219682028494,0.4074171229957043,-0.00017351584784880414,0.43802123003056276,0.0002024662315249781
phrd_s8_pred_agreement_thr0p6_a0p25,0.7783510868151607,-0.00045564475960058193,0.6810336511744518,-0.0008122502506914264,0.40624793534036585,-0.0013427035031872703,0.4442976832078364,0.0064789194087986335
phrd_s4_mean_top_gap_thr0p9_a0p75,0.7783416605150115,-0.0004650710597497998,0.6816410052693003,-0.00020489615584295962,0.40758119455727776,-9.444286275361868e-06,0.4378139431744777,-4.820624560086806e-06
phrd_s4_region_entropy_score_thr0p8_a0p25,0.7783282987033285,-0.0004784328714327879,0.6810122816491033,-0.0008336197760399067,0.406137782946471,-0.001452855897082106,0.4400940985914135,0.0022753347923757383
phrd_s4_region_conf_thr0p7_a0p25,0.7783243700792473,-0.00048236149551406093,0.6809484396267448,-0.0008974617983984468,0.40600538383536244,-0.001585255008190678,0.44063400854214674,0.0028152447431089578
phrd_s4_region_conf_thr0p8_a0p25,0.7783235784717076,-0.00048315310305369064,0.6810179136039354,-0.000827987821207854,0.4062611624228196,-0.0013294764207334997,0.4398723498616481,0.002053586062610302
phrd_s8_region_entropy_score_thr0p95_a0p25,0.7782709811163272,-0.0005357504584341255,0.6810537025405885,-0.000792198884554729,0.406393160398004,-0.0011974784455491272,0.4399832242265308,0.00216446042749302
phrd_s4_region_conf_thr0p95_a0p75,0.7782705949964109,-0.000536136578350388,0.6814904052487049,-0.0003554961764383746,0.4074171229957043,-0.00017351584784880414,0.4380067681568824,0.00018800435784460667
phrd_s4_region_conf_thr0p95_a1p0,0.7782701651693092,-0.0005365664054520769,0.6814904052487049,-0.0003554961764383746,0.4074171229957043,-0.00017351584784880414,0.4380067681568824,0.00018800435784460667
phrd_s4_mean_conf_thr0p7_a0p25,0.77826526391172,-0.0005414676630413062,0.680841752414897,-0.001004149010246258,0.40591513542297325,-0.0016755034205798713,0.44058580229654554,0.0027670384975077567
phrd_s8_mean_top_gap_thr0p95_a0p5,0.7782546422582262,-0.0005520893165351648,0.6814427894339433,-0.0004031119911999115,0.4075561060915183,-3.453275203479933e-05,0.43788625254287944,6.748874384165937e-05
phrd_s4_mean_conf_thr0p9_a0p5,0.7781681635252282,-0.0006385680495331059,0.681441199583146,-0.000404701841997257,0.4074250807747085,-0.00016555806884460678,0.43791999691480027,0.00010123311576248906
phrd_s4_pred_agreement_thr0p8_a0p75,0.7781650505053259,-0.0006416810694354069,0.6811053711830403,-0.0007405302421029658,0.4061480593228677,-0.0014425795206854386,0.44018086983349564,0.002362106034457856
phrd_s4_region_entropy_score_thr0p9_a0p5,0.7781607052836087,-0.0006460262911526238,0.681333278155913,-0.0005126232692301835,0.4070793558259854,-0.0005112830175676986,0.43850329248657455,0.0006845286875367673
phrd_s4_mean_conf_thr0p95_a1p0,0.7781237642571597,-0.000682967317601646,0.6815988903923852,-0.0002470110327580377,0.40757525528326133,-1.5383560291792886e-05,0.4378139431744777,-4.820624560086806e-06
phrd_s4_pred_agreement_thr0p8_a1p0,0.7781100552695167,-0.0006966763052446145,0.6810595804275623,-0.0007863209975809138,0.40612061927809184,-0.001470019565461278,0.4401471254615748,0.0023283616625370263
phrd_s8_mean_conf_thr0p9_a0p25,0.7781084647652905,-0.0006982668094708266,0.680966732079299,-0.0008791693458441996,0.40616453840712335,-0.001426100436429767,0.4401471254615748,0.0023283616625370263
phrd_s4_mean_top_gap_thr0p8_a0p5,0.7780994050344253,-0.0007073265403360063,0.6813471574775101,-0.0004987439476331623,0.40738204428643743,-0.0002085945571156933,0.43797302378496156,0.000154259985923777
phrd_s8_mean_top_gap_thr0p8_a0p25,0.7780459342617949,-0.0007607973129664103,0.6808596864444556,-0.0009862149806876275,0.40610617984493846,-0.0014844589986146572,0.4402724617001379,0.002453697901100116
phrd_s8_region_conf_thr0p95_a0p25,0.7780278895636885,-0.0007788420110728111,0.6806602214473926,-0.0011856799777506533,0.40616340582752525,-0.0014272330160278734,0.44082683352455143,0.0030080697255136513
phrd_s8_region_entropy_score_thr0p6_a0p25,0.7779922881257144,-0.0008144434490469088,0.6804457892276641,-0.001400112197479153,0.40603644646924814,-0.0015541923743049857,0.44490026127785115,0.00708149747881337
phrd_s4_mean_top_gap_thr0p9_a1p0,0.7779742313027572,-0.0008325002720040997,0.6815017532561577,-0.00034414816898553635,0.40757525528326133,-1.5383560291792886e-05,0.4378139431744777,-4.820624560086806e-06
phrd_s4_region_entropy_score_thr0p9_a0p75,0.7779676341747115,-0.0008390974000498375,0.6812685957530569,-0.000577305672086359,0.4070720687896231,-0.0005185700539300231,0.43849847186201446,0.0006797080629766805
phrd_s4_region_entropy_score_thr0p9_a1p0,0.7779670246342709,-0.0008397069404904034,0.6812684462836099,-0.0005774551415332896,0.4070720687896231,-0.0005185700539300231,0.43849847186201446,0.0006797080629766805
phrd_s8_mean_conf_thr0p6_a0p25,0.7779550884220577,-0.000851643152703585,0.6803662644362299,-0.001479636988913291,0.40613184495485977,-0.001458793888693355,0.44481349003576903,0.006994726236731252
phrd_s8_region_entropy_score_thr0p9_a0p25,0.7779375976391292,-0.0008691339356321492,0.680488384573919,-0.0013575168512242053,0.4060659427385527,-0.0015246961050004448,0.44136192285072456,0.003543159051686784
phrd_s8_region_conf_thr0p6_a0p25,0.7779167359969024,-0.0008899955778589597,0.6802928706044676,-0.0015530308206755938,0.4059586348774841,-0.0016320039660689956,0.4449581087725726,0.0071393449735348
phrd_s4_region_conf_thr0p9_a0p5,0.7778977095622694,-0.000909022012491878,0.6809068642913255,-0.0009390371338177106,0.406657314118097,-0.0009333247254560972,0.4391106911811494,0.0012919273821116461
phrd_s4_pred_agreement_thr0p7_a0p5,0.7778954369690403,-0.0009112946057210358,0.6806786192102354,-0.0011672822149078055,0.40507197210123497,-0.002518666742318154,0.44231158588906777,0.004492822090029991
phrd_s8_region_entropy_score_thr0p7_a0p25,0.7778253749893386,-0.0009813565854227546,0.6801428716484602,-0.0017030297766830182,0.4058451097335251,-0.0017455291100280101,0.4447170775445667,0.006898313745528906
phrd_s8_region_conf_thr0p9_a0p25,0.7778135337164599,-0.0009931978583014311,0.6801910541887146,-0.0016548472364286138,0.40582068430887125,-0.0017699545346818724,0.44222481464698565,0.004406050847947873
phrd_s8_mean_top_gap_thr0p7_a0p25,0.7777894648461324,-0.0010172667286288961,0.6803031607661786,-0.0015427406589646475,0.40531476502221164,-0.0022758738213414786,0.44218624965050474,0.004367485851466957
phrd_s8_region_conf_thr0p7_a0p25,0.7777315220648633,-0.001075209509898034,0.6801114142895491,-0.0017344871355940983,0.40580896414269496,-0.0017816747008581602,0.44451943193760185,0.00670066813856407
phrd_s8_mean_conf_thr0p8_a0p25,0.7776900046494652,-0.0011167269252960743,0.6800165928411055,-0.0018293085840377366,0.4049668716684165,-0.0026237671751366265,0.4434540739098158,0.005635310110778002
phrd_s8_mean_conf_thr0p7_a0p25,0.777660355401023,-0.0011463761737383615,0.6798876700582432,-0.0019582313668999873,0.40571344696622186,-0.0018771918773312635,0.44438445444991853,0.006565690650880751
phrd_s8_region_conf_thr0p8_a0p25,0.7776439907921397,-0.001162740782621574,0.6799122557679943,-0.0019336456571489302,0.40547746533551104,-0.0021131735080420766,0.4435794101483788,0.0057606463493410365
phrd_s8_region_entropy_score_thr0p8_a0p25,0.7776297205782144,-0.001177010996546879,0.679856040850137,-0.0019898605750062748,0.40520575438390866,-0.002384884459644465,0.44397952198686863,0.00616075818783085
phrd_s8_mean_top_gap_thr0p6_a0p25,0.7776266525387943,-0.0011800790359670632,0.6798943613240677,-0.0019515401010755662,0.4050009880482751,-0.002589650795278009,0.44352638327821753,0.0057076194791797485
phrd_s4_region_conf_thr0p9_a0p75,0.7775475855246218,-0.001259146050139548,0.6807243890765801,-0.0011215123485631695,0.40663020467058475,-0.0009604341729683719,0.43912033243026966,0.0013015686312318753
phrd_s4_region_conf_thr0p9_a1p0,0.7775434776111962,-0.0012632539635650808,0.6807239114325527,-0.0011219899925904997,0.40663020467058475,-0.0009604341729683719,0.43912033243026966,0.0013015686312318753
phrd_s4_mean_top_gap_thr0p7_a0p5,0.7775076957343197,-0.0012990358404416646,0.680508807790783,-0.001337093634360187,0.40631212542691303,-0.0012785134166400924,0.4391781799249911,0.0013594161259533055
phrd_s4_pred_agreement_thr0p6_a0p5,0.7774771740395738,-0.0013295575351874866,0.680170113265559,-0.001675788159584246,0.4046275704159772,-0.0029630684275759323,0.44348299765717647,0.00566423385813869
phrd_s8_pred_agreement_thr0p8_a0p5,0.7774435112364216,-0.001363220338339688,0.6800986098483573,-0.001747291576785881,0.4054710244438339,-0.002119614399719194,0.44390239199390674,0.006083628194868962
phrd_s8_mean_conf_thr0p95_a0p5,0.777395317096526,-0.00141141447823534,0.6808741025406934,-0.0009717988844498704,0.40697343972018785,-0.0006171991233652752,0.43866237309705847,0.0008436092980206866
phrd_s4_mean_conf_thr0p9_a0p75,0.7771912110511752,-0.0016155205235861558,0.6809636923264302,-0.0008822090987130604,0.40728763810897206,-0.00030300073458106036,0.43793445878848064,0.0001156949894428605
phrd_s4_region_entropy_score_thr0p8_a0p5,0.7771783134113689,-0.001628418163392431,0.6797386174192315,-0.002107284005911758,0.4045707496802077,-0.003019889163345446,0.44193075654881847,0.004111992749780691
phrd_s4_region_conf_thr0p8_a0p5,0.7771736763482011,-0.0016330552265602094,0.6797495119612913,-0.002096389463851933,0.40490878020164167,-0.00268185864191145,0.44141977034544594,0.0036010065464081586
phrd_s8_mean_top_gap_thr0p9_a0p5,0.7771683668964455,-0.0016383646783157957,0.6806752618472427,-0.001170639577900534,0.40689921520334016,-0.0006914236402129625,0.43876842683738104,0.0009496630383432625
phrd_s4_mean_conf_thr0p8_a0p5,0.7770973449340899,-0.0017093866406714397,0.6798444271185229,-0.0020014743066203433,0.4050812704632943,-0.0025093683802588362,0.44093288726487406,0.0031141234658362826
phrd_s4_mean_top_gap_thr0p6_a0p5,0.7770242494801478,-0.0017824820946135134,0.6797040493781733,-0.0021418520469699276,0.4049424533799532,-0.002648185463599906,0.4410823266262377,0.0032635628271999173
phrd_s4_mean_top_gap_thr0p8_a0p75,0.7769941198775234,-0.001812611697237898,0.6807533786702343,-0.0010925227549088978,0.40724097245488033,-0.0003496663886727869,0.43798266503408184,0.00016390123504406162
phrd_s4_region_entropy_score_thr0p6_a0p5,0.7769735398628876,-0.001833191711873683,0.6794059416395466,-0.002439959785596635,0.40432671920922936,-0.003263919634323764,0.444157885095593,0.006339121296555228
phrd_s4_pred_agreement_thr0p7_a0p75,0.7769731150608523,-0.0018336165139090088,0.6798102960668687,-0.002035605358274517,0.4044047692818008,-0.003185869561752319,0.44270205647843736,0.004883292679399576
phrd_s8_region_entropy_score_thr0p95_a0p5,0.7768832480937016,-0.0019234834810597512,0.680059654810553,-0.001786246614590259,0.40544810399997067,-0.0021425348435824554,0.44136674347528465,0.0035479796762468707
phrd_s4_region_conf_thr0p7_a0p5,0.7768325585455822,-0.001974173029179127,0.6791475437242322,-0.0026983577009109805,0.4040030057196216,-0.0035876331239315107,0.44327089017653126,0.0054521263774934825
phrd_s8_mean_top_gap_thr0p95_a0p75,0.776829378760545,-0.0019773528142162933,0.6802745627484025,-0.0015713386767407522,0.407509954861579,-8.068398197413895e-05,0.43779466067623724,-2.410312280054505e-05
phrd_s4_region_entropy_score_thr0p7_a0p5,0.7768159715669649,-0.0019907600077964105,0.6791294692784327,-0.002716432146710579,0.40401024670289293,-0.0035803921406601935,0.44406629322895075,0.006247529429912968
phrd_s4_region_conf_thr0p6_a0p5,0.7768144084262107,-0.001992323148550579,0.6791567632069049,-0.0026891382182383516,0.40417371356767384,-0.003416925275879279,0.44396023948862817,0.006141475689590392
phrd_s4_mean_conf_thr0p6_a0p5,0.7768014499681051,-0.0020052816066562507,0.6791551875977311,-0.00269071382741215,0.4040226860784656,-0.0035679527650875342,0.44429286258327627,0.006474098784238491
phrd_s4_mean_conf_thr0p7_a0p5,0.7766183994473967,-0.0021883321273645784,0.678835016903468,-0.0030108845216751945,0.4038748517741492,-0.0037157870694038975,0.44344925328525564,0.00563048948621786
phrd_s4_pred_agreement_thr0p7_a1p0,0.7765554403888907,-0.002251291185870641,0.6793789013735712,-0.002467000051572077,0.4039131844157356,-0.003677454427817528,0.442769545222279,0.004950781423241235
phrd_s8_pred_agreement_thr0p8_a0p75,0.7762257230465656,-0.0025810085281957607,0.6787841544181169,-0.0030617470070263275,0.4046764498201786,-0.002914189023374536,0.4443892750744787,0.006570511275440893
phrd_s8_pred_agreement_thr0p8_a1p0,0.7760748170231127,-0.002731914551648673,0.6786077098379916,-0.003238191587151662,0.40464605816718474,-0.00294458067636838,0.4443507100779977,0.006531946278959921
phrd_s4_region_conf_thr0p8_a0p75,0.7759675327390692,-0.0028391988356921694,0.6789737132967479,-0.002872188128395292,0.4046058742746402,-0.0029847645689129454,0.4416174159524108,0.0037986521533729944
phrd_s4_region_entropy_score_thr0p8_a0p75,0.7759263300376936,-0.0028804015370677005,0.6789444589216033,-0.002901442503539964,0.40383102694828826,-0.0037596118952648583,0.4424947696223523,0.004676005823314511
phrd_s4_region_conf_thr0p8_a1p0,0.7758684830616334,-0.002938248513127961,0.6789434304208649,-0.0029024710042783175,0.4046058742746402,-0.0029847645689129454,0.4416125953278507,0.0037938315288129076
phrd_s8_region_entropy_score_thr0p95_a0p75,0.7758436368808286,-0.002963094693932744,0.6794333722128759,-0.0024125292122673114,0.4054341996285741,-0.0021564392149790446,0.44132817847880373,0.0035094146797659542
phrd_s8_region_entropy_score_thr0p95_a1p0,0.7758415057201562,-0.0029652258546051247,0.6794333722128759,-0.0024125292122673114,0.4054341996285741,-0.0021564392149790446,0.44132817847880373,0.0035094146797659542
phrd_s4_mean_conf_thr0p9_a1p0,0.7758346695773961,-0.0029720619973652163,0.6803720315996878,-0.0014738698254553873,0.40691889137595294,-0.0006717474676001811,0.43803569190424313,0.00021692810520534955
phrd_s4_region_entropy_score_thr0p8_a1p0,0.7757921285157431,-0.0030146030590182393,0.6789099616940707,-0.0029359397310725344,0.40383102694828826,-0.0037596118952648583,0.4424947696223523,0.004676005823314511
phrd_s8_region_conf_thr0p95_a0p5,0.7757480907460131,-0.0030586408287481825,0.678683080116989,-0.003162821308154262,0.40458888219067957,-0.003001756652873555,0.44324678705373066,0.005428023254692882
phrd_s8_pred_agreement_thr0p7_a0p5,0.775686483550285,-0.003120248024476302,0.6782000999112344,-0.0036458015139088085,0.4030117650514811,-0.004578873792072002,0.44882424966978723,0.011005485870749454
phrd_s4_mean_top_gap_thr0p7_a0p75,0.7756365151025496,-0.0031702164722117177,0.6791411603898608,-0.0027047410352823986,0.4054682214640603,-0.0021224173794928136,0.4396457805073225,0.0018270167082847233
phrd_s4_pred_agreement_thr0p6_a0p75,0.7754576604222584,-0.003349071152502936,0.6781653286853666,-0.003680572739776622,0.40265423791862215,-0.004936400924930973,0.445179857502338,0.007361093703300237
phrd_s4_mean_top_gap_thr0p8_a1p0,0.7754543985038057,-0.0033523330709556154,0.6800425715409393,-0.0018033298842039525,0.40684665273946163,-0.0007439861040914875,0.4380887187744044,0.0002699549753666375
phrd_s8_mean_top_gap_thr0p95_a1p0,0.7753013737830416,-0.0035053577917196765,0.6794203973599645,-0.0024255040651787185,0.40745206756988117,-0.0001385712736719502,0.43769824818503483,-0.0001205156140029473
phrd_s8_region_entropy_score_thr0p9_a0p5,0.7752308672741867,-0.0035758643005746604,0.6780333650994104,-0.0038125363257328626,0.4037558341990137,-0.003834804644539447,0.4449291850252119,0.007110421226174113
phrd_s8_mean_conf_thr0p9_a0p5,0.7750878832404177,-0.0037188483343436607,0.6783378368511234,-0.0035080645740198646,0.40311081125435333,-0.004479827589199792,0.44417716759383347,0.006358403794795686
phrd_s4_mean_conf_thr0p8_a0p75,0.774791354512893,-0.004015377061868275,0.6778774046811158,-0.003968496744027439,0.403421862383519,-0.004168776460034107,0.4422633796434666,0.004444615844428845
phrd_s8_mean_top_gap_thr0p8_a0p5,0.7747467102210195,-0.004060021353741838,0.6778149403623211,-0.0040309610628220804,0.4027181662041577,-0.004872472639395442,0.4445146113130417,0.0066958475140039275
phrd_s4_region_conf_thr0p7_a0p75,0.77473247587792,-0.004074255696841278,0.6773359847378451,-0.0045099166872981655,0.40243031517580596,-0.0051603236677471576,0.44462066505336434,0.006801901254326559
phrd_s4_mean_top_gap_thr0p6_a0p75,0.7745892052222635,-0.004217526352497836,0.6775315254632375,-0.004314375961905759,0.40324898060141773,-0.004341658242135393,0.4424465633767511,0.00462779957771331
phrd_s8_region_conf_thr0p9_a0p5,0.774322650140737,-0.004484081434024345,0.6765573068665546,-0.005288594558588655,0.40220244480159306,-0.005388194041960059,0.44743590979647324,0.009617145997435461
phrd_s8_mean_conf_thr0p95_a0p75,0.7741929961190749,-0.004613735455686441,0.6788114526133745,-0.0030344488117687307,0.40655846379113136,-0.0010321750524217577,0.4387877093356215,0.0009689455365837207
phrd_s8_pred_agreement_thr0p6_a0p5,0.7741897794010666,-0.004616952173694733,0.676429840413366,-0.005416061011777273,0.4011488539077601,-0.006441784935793005,0.45242043559163525,0.01460167179259747
phrd_s4_region_conf_thr0p7_a1p0,0.7741861782669462,-0.0046205533078150784,0.6771089097899753,-0.004736991635167942,0.4023857930903816,-0.005204845753171539,0.4446544094252851,0.006835645626247333
phrd_s4_region_conf_thr0p6_a0p75,0.7739734245979368,-0.004833306976824492,0.6762810489703127,-0.005564852454830516,0.40139558126725766,-0.00619505757629546,0.4467513811089365,0.008932617309898694
phrd_s4_region_entropy_score_thr0p7_a0p75,0.7739370727099482,-0.0048696588648131645,0.6761946106411941,-0.005651290783949103,0.4012671864443915,-0.0063234523991616,0.4470020535860626,0.009183289787024818
phrd_s4_region_entropy_score_thr0p6_a0p75,0.7738685520909376,-0.00493817948382369,0.6761253440559377,-0.0057205573692055145,0.4016570710465556,-0.0059335677969974965,0.44705990108078403,0.009241137281746248
phrd_s8_region_conf_thr0p95_a0p75,0.7736668647397572,-0.005139866835004114,0.6772200902220048,-0.00462581120313843,0.4044457760012859,-0.0031448628422672265,0.44323232518005035,0.005413561381012566
phrd_s4_mean_conf_thr0p6_a0p75,0.7736463902399537,-0.005160341334807583,0.6758089241198695,-0.00603697730527375,0.4011113788545932,-0.006479259988959929,0.4473250354315905,0.009506271632552743
phrd_s4_mean_conf_thr0p7_a0p75,0.773634854675976,-0.005171876898785288,0.6757661342263648,-0.006079767198778452,0.4011069088895203,-0.006483729954032846,0.4461536236634818,0.008334859864444044
phrd_s8_region_conf_thr0p95_a1p0,0.7736285596099022,-0.005178171964859146,0.6772115372039675,-0.004634364221175691,0.4044457760012859,-0.0031448628422672265,0.44323232518005035,0.005413561381012566
phrd_s4_pred_agreement_thr0p6_a1p0,0.7736034066871195,-0.005203324887641858,0.6762877453368521,-0.005558156088291133,0.4004509500863713,-0.007139688757181795,0.44628860115116514,0.008469837352127363
phrd_s8_mean_top_gap_thr0p9_a0p75,0.7735548352356896,-0.005251896339071749,0.6782533273701333,-0.0035925740550099006,0.40643427143694827,-0.0011563674066048524,0.4388985837005042,0.001079819901466439
phrd_s8_mean_top_gap_thr0p7_a0p5,0.773318466864735,-0.0054882647100262805,0.675491093597158,-0.006354807827985254,0.3999670848114689,-0.007623554032084201,0.449388262743321,0.011569498944283219
phrd_s8_region_entropy_score_thr0p8_a0p5,0.7730517567718663,-0.0057549748028949965,0.6746422082907079,-0.007203693134435363,0.3993722697404646,-0.00821836910308854,0.45257951620211917,0.01476075240308139
phrd_s4_mean_top_gap_thr0p7_a1p0,0.7729950898890827,-0.0058116416856786035,0.6774625526726242,-0.004383348752519001,0.4041051117793174,-0.003485527064235716,0.44042190106150153,0.0026031372624637505
phrd_s8_region_conf_thr0p8_a0p5,0.7729852694879431,-0.005821462086818219,0.6745853001075813,-0.007260601317561899,0.39979591761825567,-0.007794721225297452,0.4518419606444211,0.014023196845383334
phrd_s8_mean_conf_thr0p8_a0p5,0.77279112848046,-0.0060156030943012695,0.6744852518858225,-0.007360649539320696,0.39879166254483617,-0.008798976298716954,0.45190462876370263,0.014085864964664851
phrd_s8_region_entropy_score_thr0p6_a0p5,0.7727442374819721,-0.00606249409278925,0.6742368486426967,-0.0076090527824465015,0.4002542047234783,-0.007336434120074842,0.4550621378505799,0.017243374051542137
phrd_s8_region_conf_thr0p6_a0p5,0.7726632776584534,-0.006143453916307884,0.6740830351575287,-0.0077628662676145765,0.4000916014744881,-0.0074990373690650425,0.4551922947137031,0.017373530914665314
phrd_s8_region_entropy_score_thr0p7_a0p5,0.7726581235957704,-0.006148607978990972,0.6740566969764197,-0.007789204448723552,0.4000487342029187,-0.0075419046406344226,0.4546861291348907,0.016867365335852924
phrd_s8_mean_conf_thr0p6_a0p5,0.7726089803156969,-0.00619775125906441,0.6740728880325759,-0.007773013392567307,0.40042278141387844,-0.007167857429674684,0.45482592724713417,0.017007163448096385
phrd_s8_region_conf_thr0p7_a0p5,0.7725590570446199,-0.006247674530141412,0.674105103823195,-0.007740797601948235,0.3997221618315208,-0.007868477012032304,0.4542281698016795,0.016409406002641735
phrd_s8_mean_top_gap_thr0p6_a0p5,0.7724568872273404,-0.006349844347420919,0.6739358388481648,-0.00791006257697846,0.39865469208211124,-0.008935946761441882,0.4521745837390692,0.014355819940031433
phrd_s8_region_entropy_score_thr0p9_a0p75,0.7723532390435418,-0.006453492531219518,0.6760644223295561,-0.005781479095587128,0.4029875852485691,-0.00460305359498403,0.4455751487162677,0.007756384917229908
phrd_s4_region_conf_thr0p6_a1p0,0.7722862999138516,-0.0065204316609097646,0.675175967129635,-0.0066699342955082175,0.40053854534457045,-0.00705209349898267,0.44717559607022683,0.009356832271189053
phrd_s8_region_entropy_score_thr0p9_a1p0,0.7722680186010725,-0.006538712973688798,0.6760505923262239,-0.005795309098919343,0.4029875852485691,-0.00460305359498403,0.4455751487162677,0.007756384917229908
phrd_s8_mean_conf_thr0p7_a0p5,0.7722044847217331,-0.0066022468530282374,0.6734040885354311,-0.00844181288971213,0.3996845739721937,-0.00790606487135942,0.4540883716894361,0.01626960789039833
phrd_s8_pred_agreement_thr0p7_a0p75,0.7716492622814399,-0.007157469293321395,0.6740993855707463,-0.007746515854396896,0.39930725733890243,-0.008283381504650689,0.45138882193577,0.013570058136732233
phrd_s4_mean_conf_thr0p8_a1p0,0.7715166679478016,-0.00729006362695972,0.6754826179653067,-0.0063632834598365,0.400869514726589,-0.006721124116964128,0.4441482438464727,0.006329480047434943
phrd_s4_mean_top_gap_thr0p6_a1p0,0.7711340734866192,-0.007672658088142104,0.6748824190922201,-0.006963482332923099,0.40064810883583524,-0.006942530007717884,0.4442976832078364,0.0064789194087986335
phrd_s8_pred_agreement_thr0p7_a1p0,0.7705529708977312,-0.008253760677030098,0.672733538362852,-0.00911236306229124,0.39842095268700956,-0.009169686156543566,0.45137436006208964,0.013555596263051861
phrd_s4_region_entropy_score_thr0p7_a1p0,0.770321339235396,-0.008485392339365294,0.6731896520182732,-0.008656249406870042,0.3967615166290661,-0.010829122214487008,0.45065608700263204,0.012837323203594264
phrd_s8_region_conf_thr0p9_a0p75,0.7701165536379243,-0.008690177936837018,0.6733755231593125,-0.008470378265830747,0.4006094839507436,-0.006981154892809538,0.4487808640487462,0.010962100249708395
phrd_s8_region_conf_thr0p9_a1p0,0.7698664695149725,-0.008940262059788817,0.6732913713582676,-0.008554530066875676,0.4006094839507436,-0.006981154892809538,0.44874711967682535,0.010928355877787566
phrd_s8_mean_conf_thr0p95_a1p0,0.7698336555444502,-0.008973076030311167,0.6764557631489966,-0.00539013827614665,0.4060275748076788,-0.0015630640358743064,0.43909622930746905,0.0012774655084312747
phrd_s4_mean_conf_thr0p7_a1p0,0.7695102383109501,-0.009296493263811212,0.6722023606529424,-0.009643540772200865,0.3971088064839425,-0.010481832359610643,0.44925328525563774,0.011434521456599955
region_logits_s4,0.7694560056398869,-0.009350725934874404,0.67216145372359,-0.00968444770155319,0.3972961853128901,-0.010294453530662995,0.45075249949383445,0.012933735694796666
phrd_s4_region_entropy_score_thr0p6_a1p0,0.7694244251625884,-0.00938230641217297,0.6720788124089392,-0.009767089016204045,0.39715785412162097,-0.010432784721932153,0.4504439795219869,0.012625215722949112
phrd_s4_mean_conf_thr0p6_a1p0,0.7691735594507019,-0.009633172124059453,0.6718038363428622,-0.010042065082281004,0.3965300889301106,-0.011060549913442519,0.4508103469885558,0.012991583189518041
phrd_s8_mean_top_gap_thr0p9_a1p0,0.7686434261635602,-0.01016330541120114,0.6755426560127884,-0.00630324541235483,0.40576185917154145,-0.0018287796720116711,0.43936136365827555,0.0015425998592377699
phrd_s8_mean_conf_thr0p9_a0p75,0.767897769284348,-0.010908962290413271,0.6723026308304164,-0.009543270594726816,0.3985308289543064,-0.009059809889246706,0.4484193172067373,0.010600553407699498
phrd_s8_mean_top_gap_thr0p8_a0p75,0.7670222252659801,-0.01178450630878125,0.6710215564272565,-0.010824344997886759,0.3975654436940701,-0.010025195149483024,0.44921472025915676,0.011395956460118983
phrd_s8_pred_agreement_thr0p6_a0p75,0.7660837138680565,-0.012723017706704809,0.6682263815991281,-0.01361951982601517,0.39298216064209956,-0.014608478201453556,0.4591307449793195,0.021311981180281714
phrd_s8_region_entropy_score_thr0p8_a0p75,0.7655129049958923,-0.013293826578869017,0.6678950398434579,-0.013950861581685348,0.3916895277808258,-0.015901111062727347,0.4603648248667097,0.02254606106767193
phrd_s8_region_conf_thr0p8_a0p75,0.7653541855991253,-0.013452545975636054,0.6676169063255445,-0.01422899509959874,0.3932536559474347,-0.0143369828961184,0.4583305213023399,0.02051175750330214
phrd_s8_region_conf_thr0p8_a1p0,0.7635729711946267,-0.015233760380134576,0.6665038211637969,-0.015342080261346314,0.3930765937045968,-0.014514045138956322,0.4583835481725012,0.02056478437346343
phrd_s8_region_entropy_score_thr0p8_a1p0,0.7635139607441219,-0.015292770830639402,0.6668011584204386,-0.015044743004704597,0.39107868651130134,-0.016511952332251778,0.46074565420695907,0.022926890407921285
phrd_s8_mean_top_gap_thr0p7_a0p75,0.7634238083390674,-0.015382923235693902,0.6655759889412619,-0.01626991248388132,0.39026504830319525,-0.01732559054035787,0.459395879330126,0.02157711553108821
phrd_s8_region_conf_thr0p7_a0p75,0.7624910212095047,-0.016315710365256586,0.6638943408399793,-0.017951560585163895,0.3900241995600746,-0.017566439283478508,0.46437076387616777,0.02655200007712999
phrd_s8_mean_conf_thr0p8_a0p75,0.7621235126821821,-0.016683218892579177,0.6633799442060845,-0.01846595721905875,0.38808579280242606,-0.019504846041127066,0.4632234552308597,0.025404691431821946
phrd_s8_region_entropy_score_thr0p7_a0p75,0.7618331748502896,-0.01697355672447176,0.6625082658999161,-0.01933763552522716,0.38840604261650286,-0.019184596227050266,0.46738365422624156,0.029564890427203783
phrd_s8_mean_top_gap_thr0p6_a0p75,0.7614374863575007,-0.017369245217260576,0.662301169215314,-0.01954473220982922,0.38778363971594937,-0.019806999127603753,0.4634934102062263,0.02567464640718853
phrd_s8_region_conf_thr0p6_a0p75,0.7613406162658851,-0.017466115308876207,0.6620095492530993,-0.019836352172043936,0.38885512099343905,-0.01873551785011407,0.4676632504507284,0.029844486651690594
phrd_s8_region_entropy_score_thr0p6_a0p75,0.7611502495471284,-0.017656482027632925,0.6615050346010672,-0.020340866824075987,0.3887221869977438,-0.01886845184580932,0.4677934073138516,0.029974643514813826
phrd_s8_mean_conf_thr0p6_a0p75,0.7607619301686237,-0.018044801406137623,0.6610730771483421,-0.02077282427680116,0.3888444246096875,-0.018746214233865632,0.4677741248156111,0.029955361016573312
phrd_s8_mean_conf_thr0p7_a0p75,0.7605286040195234,-0.018278127555237944,0.6606719311678819,-0.02117397025726131,0.3884841337198407,-0.019106505123712425,0.4662700899528543,0.028451326153816514
phrd_s8_pred_agreement_thr0p6_a1p0,0.7602899266112271,-0.01851680496353425,0.6616923890374664,-0.02015351238767682,0.3896652004798428,-0.0179254383637103,0.45881740438291185,0.020998640583874073
phrd_s8_mean_conf_thr0p9_a1p0,0.7581936703382522,-0.020613061236509078,0.6645685786459044,-0.01727732277923888,0.392461438192483,-0.015129200651070096,0.4540546273175153,0.0162358635184775
phrd_s8_region_conf_thr0p7_a1p0,0.7579547086395935,-0.020852022935167858,0.6606307756925959,-0.021215125732547357,0.388395163979785,-0.019195474863768103,0.46506493381282477,0.027246170013786986
phrd_s8_mean_top_gap_thr0p8_a1p0,0.7565438002884675,-0.022262931286293863,0.6623139806278929,-0.0195319207972503,0.39094565366781664,-0.016644985175736482,0.4552742453312251,0.017455481532187345
phrd_s8_region_conf_thr0p6_a1p0,0.7524362722443085,-0.02637045933045279,0.6540052088148871,-0.027840692610256124,0.38234594163154856,-0.025244697212004563,0.47260921124940947,0.034790447450371687
phrd_s8_mean_top_gap_thr0p7_a1p0,0.7499960980912501,-0.028810633483511205,0.6528515435543255,-0.028994357870817722,0.37982457407915826,-0.02776606476439486,0.46858398974171095,0.03076522594267317
phrd_s8_region_entropy_score_thr0p7_a1p0,0.7487493263730229,-0.030057405201738385,0.6495790733073135,-0.03226682811782977,0.3746406828937731,-0.03294995594978001,0.47940147125461574,0.04158270745557796
phrd_s8_mean_conf_thr0p8_a1p0,0.7475590229154561,-0.031247708659305262,0.6489236714897283,-0.03292222993541494,0.375260318745842,-0.03233032009771114,0.47505808852594944,0.03723932472691166
phrd_s8_mean_top_gap_thr0p6_a1p0,0.74640893974033,-0.032397791834431366,0.6473273306658014,-0.03451857075934184,0.37476133306332615,-0.03282930578022697,0.47530876100307556,0.037489997204037784
phrd_s8_region_entropy_score_thr0p6_a1p0,0.7453436904096182,-0.03346304116514309,0.6450555800199764,-0.036790321405166804,0.37472026825090193,-0.03287037059265119,0.479820865591346,0.04200210179230823
region_logits_s8,0.7446721867321732,-0.034134544842588155,0.6445482331267415,-0.037297668298401754,0.3747093510601851,-0.03288128778336802,0.47986425121238707,0.04204548741334929
phrd_s8_mean_conf_thr0p7_a1p0,0.7444971241323851,-0.03430960744237621,0.6440484701010283,-0.03779743132411495,0.3756317308880953,-0.031958907955457805,0.47731896144464475,0.03950019764560697
phrd_s8_mean_conf_thr0p6_a1p0,0.744251974350584,-0.034554757224177335,0.6437412560163746,-0.03810464540876868,0.3753038387701919,-0.03228680007336121,0.47951234561949846,0.04169358182046068
base,0.7788067315747613,0.0,0.6818459014251432,0.0,0.4075906388435531,0.0,0.4378187637990378,0.0
